use library_db;
-- Insert data into user
INSERT INTO user (id, name, email, password, dob, gender, address, isEnabled)
VALUES
(UUID_TO_BIN(UUID()), 'Nguyen Van A', 'nguyenvana@gmail.com', 'password123', '1980-01-15', 'Male', '123 Nguyen Trai, District 1, HCMC', TRUE),
(UUID_TO_BIN(UUID()), 'Tran Thi B', 'tranthib@gmail.com', 'password456', '1992-06-10', 'Female', '456 Cau Giay, Cau Giay District, Hanoi', TRUE),
(UUID_TO_BIN(UUID()), 'Le Hoang C', 'lehoangc@gmail.com', 'password789', '1985-09-20', 'Male', '789 Hai Phong Street, Hai Phong', TRUE),
(UUID_TO_BIN(UUID()), 'Pham Minh D', 'phamminhd@gmail.com', 'password321', '2000-03-25', 'Male', '321 Tran Phu, Da Nang', TRUE),
(UUID_TO_BIN(UUID()), 'Vo Thi E', 'vothie@gmail.com', 'password654', '1995-12-05', 'Female', '654 Nguyen Hue, Hue', TRUE),
(UUID_TO_BIN(UUID()), 'Hoang Quoc F', 'hoangquocf@gmail.com', 'pass111222', '1993-04-19', 'Male', '19 Le Loi, District 1, HCMC', TRUE),
(UUID_TO_BIN(UUID()), 'Nguyen Thu G', 'nguyenthug@gmail.com', 'pass333444', '1988-07-08', 'Female', '8 Tran Hung Dao, Hanoi', TRUE),
(UUID_TO_BIN(UUID()), 'Bui Van H', 'buivanh@gmail.com', 'pass555666', '1990-12-17', 'Male', '17 Le Thanh Ton, Da Nang', TRUE),
(UUID_TO_BIN(UUID()), 'Ngo Thi I', 'ngothii@gmail.com', 'pass777888', '1996-01-25', 'Female', '25 Hai Ba Trung, Hanoi', TRUE),
(UUID_TO_BIN(UUID()), 'Vu Duc J', 'vuducj@gmail.com', 'pass999000', '1984-03-14', 'Male', '14 Nguyen Dinh Chieu, HCMC', TRUE),
(UUID_TO_BIN(UUID()), 'Tran Khoa K', 'trankhoak@gmail.com', 'password012', '1998-09-07', 'Male', '7 Phu Nhuan, HCMC', TRUE),
(UUID_TO_BIN(UUID()), 'Le Anh L', 'leanhl@gmail.com', 'pass010101', '1983-11-11', 'Female', '11 Thanh Xuan, Hanoi', TRUE),
(UUID_TO_BIN(UUID()), 'Pham Thi M', 'phamthim@gmail.com', 'pass020202', '1991-05-30', 'Female', '30 Bach Dang, Da Nang', TRUE),
(UUID_TO_BIN(UUID()), 'Nguyen Van N', 'nguyenvann@gmail.com', 'password303', '1995-06-12', 'Male', '12 Cau Dat, Hai Phong', TRUE),
(UUID_TO_BIN(UUID()), 'Vo Thi O', 'vothio@gmail.com', 'pass202020', '1989-04-04', 'Female', '4 Quang Trung, HCMC', TRUE),
(UUID_TO_BIN(UUID()), 'Bui Bao P', 'buibaop@gmail.com', 'pass123123', '1990-02-21', 'Male', '21 Dong Da, Hanoi', TRUE),
(UUID_TO_BIN(UUID()), 'Hoang Thu Q', 'hoangthuq@gmail.com', 'pass789456', '1992-08-15', 'Female', '15 Ly Thuong Kiet, Hue', TRUE),
(UUID_TO_BIN(UUID()), 'Le Duc R', 'leducr@gmail.com', 'pass098765', '1987-03-03', 'Male', '3 Tran Quang Khai, Hai Phong', TRUE),
(UUID_TO_BIN(UUID()), 'Pham Thi S', 'phamthis@gmail.com', 'pass456789', '1999-07-22', 'Female', '22 Ngo Quyen, Da Nang', TRUE),
(UUID_TO_BIN(UUID()), 'Nguyen Tuan T', 'nguyentuant@gmail.com', 'pass121314', '1986-10-10', 'Male', '10 Le Van Tam, HCMC', TRUE);
(UUID_TO_BIN(UUID()), 'Tran Thi K', 'tranthik@gmail.com', 'pass24680', '1997-02-19', 'Female', '19 Ton Duc Thang, HCMC', TRUE),
(UUID_TO_BIN(UUID()), 'Le Van L', 'levanl@gmail.com', 'pass35791', '1989-11-23', 'Male', '23 Ba Trieu, Hue', TRUE),
(UUID_TO_BIN(UUID()), 'Pham Bao M', 'phambaom@gmail.com', 'pass46802', '1990-09-09', 'Male', '9 Hai Ba Trung, Hanoi', TRUE),
(UUID_TO_BIN(UUID()), 'Vo Thanh N', 'vothanhn@gmail.com', 'pass57913', '1993-05-16', 'Male', '16 Dinh Tien Hoang, Hai Phong', TRUE),
(UUID_TO_BIN(UUID()), 'Hoang Minh O', 'hoangminho@gmail.com', 'pass68024', '1995-01-08', 'Male', '8 Bach Dang, Da Nang', TRUE),
(UUID_TO_BIN(UUID()), 'Nguyen Thu P', 'nguyenthup@gmail.com', 'pass79135', '1992-07-21', 'Female', '21 Dong Khoi, HCMC', TRUE),
(UUID_TO_BIN(UUID()), 'Tran Bao Q', 'tranbaoq@gmail.com', 'pass80246', '1987-03-05', 'Male', '5 Hang Bac, Hanoi', TRUE),
(UUID_TO_BIN(UUID()), 'Le Quynh R', 'lequynhr@gmail.com', 'pass91357', '1998-12-29', 'Female', '29 Ly Thuong Kiet, Hue', TRUE),
(UUID_TO_BIN(UUID()), 'Pham Tuan S', 'phamtuans@gmail.com', 'pass02468', '1984-06-18', 'Male', '18 Le Loi, Da Nang', TRUE),
(UUID_TO_BIN(UUID()), 'Hoang Anh T', 'hoanganht@gmail.com', 'pass13579', '1991-10-12', 'Male', '12 Quan Su, Hanoi', TRUE),
(UUID_TO_BIN(UUID()), 'Ngo Thi U', 'ngothiu@gmail.com', 'pass24689', '1985-04-03', 'Female', '3 Nguyen Thi Minh Khai, HCMC', TRUE),
(UUID_TO_BIN(UUID()), 'Vu Huy V', 'vuhuyv@gmail.com', 'pass35791', '1990-08-27', 'Male', '27 Le Hong Phong, Hai Phong', TRUE),
(UUID_TO_BIN(UUID()), 'Dang Bao X', 'dangbaox@gmail.com', 'pass46801', '1996-01-15', 'Male', '15 Tran Phu, Hue', TRUE),
(UUID_TO_BIN(UUID()), 'Bui Minh Y', 'buiminhy@gmail.com', 'pass57912', '1993-11-20', 'Female', '20 Ngo Quyen, Da Nang', TRUE),
(UUID_TO_BIN(UUID()), 'Ngo Duc Z', 'ngoducz@gmail.com', 'pass68023', '1994-09-10', 'Male', '10 Tran Hung Dao, Hanoi', TRUE),
(UUID_TO_BIN(UUID()), 'Hoang Quoc A', 'hoangquoca@gmail.com', 'pass79134', '1997-12-07', 'Male', '7 Hai Ba Trung, HCMC', TRUE),
(UUID_TO_BIN(UUID()), 'Nguyen Ngoc B', 'nguyenngocb@gmail.com', 'pass80245', '1992-02-11', 'Female', '11 Ly Tu Trong, Hue', TRUE),
(UUID_TO_BIN(UUID()), 'Pham Thuan C', 'phamthuanc@gmail.com', 'pass91356', '1998-04-22', 'Male', '22 Bach Dang, Da Nang', TRUE),
(UUID_TO_BIN(UUID()), 'Tran Nguyet D', 'trannguyetd@gmail.com', 'pass02457', '1986-07-02', 'Female', '2 Phan Dinh Phung, Hanoi', TRUE),
(UUID_TO_BIN(UUID()), 'Le Van E', 'levane@gmail.com', 'pass13568', '1991-03-19', 'Male', '19 Nguyen Du, Hai Phong', TRUE),
(UUID_TO_BIN(UUID()), 'Ngo Bao F', 'ngobaof@gmail.com', 'pass24679', '1995-12-09', 'Female', '9 Dien Bien Phu, HCMC', TRUE),
(UUID_TO_BIN(UUID()), 'Bui Minh G', 'buiminhg@gmail.com', 'pass35780', '1994-06-01', 'Male', '1 Hang Dau, Hanoi', TRUE),
(UUID_TO_BIN(UUID()), 'Dang Quynh H', 'dangquynhh@gmail.com', 'pass46891', '1993-05-25', 'Female', '25 Nguyen Dinh Chieu, Hue', TRUE),
(UUID_TO_BIN(UUID()), 'Vu Tuan I', 'vutuanh@gmail.com', 'pass57902', '1990-10-31', 'Male', '31 Tran Hung Dao, Hai Phong', TRUE),
(UUID_TO_BIN(UUID()), 'Hoang Minh J', 'hoangminhj@gmail.com', 'pass68013', '1992-09-14', 'Male', '14 Dong Da, Hanoi', TRUE);
(UUID_TO_BIN(UUID()), 'Nguyen Thanh V', 'nguyenthanhv@gmail.com', 'pass89012', '1983-03-27', 'Male', '27 Tran Quang Khai, HCMC', TRUE),
(UUID_TO_BIN(UUID()), 'Tran Quynh W', 'tranquynhw@gmail.com', 'pass56789', '1989-12-15', 'Female', '15 Hoan Kiem, Hanoi', TRUE),
(UUID_TO_BIN(UUID()), 'Le Bao X', 'lebaox@gmail.com', 'pass12345', '1990-10-31', 'Male', '31 Van Cao, Hai Phong', TRUE),
(UUID_TO_BIN(UUID()), 'Pham Thu Y', 'phamthuy@gmail.com', 'pass24680', '1996-07-08', 'Female', '8 Nguyen Chi Thanh, Da Nang', TRUE),
(UUID_TO_BIN(UUID()), 'Vo Van Z', 'vovanz@gmail.com', 'pass67890', '1987-05-11', 'Male', '11 Le Loi, Hue', TRUE),
(UUID_TO_BIN(UUID()), 'Dang Bao A', 'dangbaoa@gmail.com', 'pass99999', '1998-02-14', 'Male', '14 Thanh Xuan, HCMC', TRUE),
(UUID_TO_BIN(UUID()), 'Bui Anh B', 'buianhb@gmail.com', 'pass12399', '1991-11-20', 'Female', '20 Ngo Quyen, Hue', TRUE),
(UUID_TO_BIN(UUID()), 'Ngo Tuan C', 'ngotuanc@gmail.com', 'pass101112', '1986-08-02', 'Male', '2 Bach Dang, Da Nang', TRUE),
(UUID_TO_BIN(UUID()), 'Nguyen Huy D', 'nguyenhuyd@gmail.com', 'pass010203', '1995-01-15', 'Male', '15 Tran Phu, Hai Phong', TRUE),
(UUID_TO_BIN(UUID()), 'Tran Bao E', 'tranbaoe@gmail.com', 'pass202122', '1988-04-24', 'Female', '24 Hang Bac, Hanoi', TRUE),
(UUID_TO_BIN(UUID()), 'Le Tuan F', 'letuanf@gmail.com', 'pass303131', '1990-07-12', 'Male', '12 Le Hong Phong, HCMC', TRUE),
(UUID_TO_BIN(UUID()), 'Vu Huy G', 'vuhuyg@gmail.com', 'pass404142', '1993-09-23', 'Male', '23 Dong Khoi, HCMC', TRUE),
(UUID_TO_BIN(UUID()), 'Pham Anh H', 'phamanhh@gmail.com', 'pass505152', '1987-06-04', 'Female', '4 Hang Dau, Hanoi', TRUE),
(UUID_TO_BIN(UUID()), 'Hoang Quynh I', 'hoangquynhi@gmail.com', 'pass606162', '1999-11-06', 'Female', '6 Tran Hung Dao, Hue', TRUE),
(UUID_TO_BIN(UUID()), 'Ngo Bao J', 'ngobaoj@gmail.com', 'pass707172', '1985-10-29', 'Male', '29 Ngo Gia Tu, Da Nang', TRUE),
(UUID_TO_BIN(UUID()), 'Vu Huy K', 'vuhuyk@gmail.com', 'pass808182', '1991-03-20', 'Male', '20 Le Loi, HCMC', TRUE),
(UUID_TO_BIN(UUID()), 'Pham Thu L', 'phamthul@gmail.com', 'pass909192', '1997-06-17', 'Female', '17 Nguyen Du, Hanoi', TRUE),
(UUID_TO_BIN(UUID()), 'Tran Minh M', 'tranminhm@gmail.com', 'pass999999', '1992-05-09', 'Male', '9 Dien Bien Phu, Hue', TRUE),
(UUID_TO_BIN(UUID()), 'Hoang Bao N', 'hoangbaon@gmail.com', 'pass111222', '1988-12-19', 'Male', '19 Le Van Tam, Da Nang', TRUE),
(UUID_TO_BIN(UUID()), 'Le Anh O', 'leanho@gmail.com', 'pass333444', '1993-11-03', 'Female', '3 Ly Thuong Kiet, HCMC', TRUE),
(UUID_TO_BIN(UUID()), 'Nguyen Duc P', 'nguyenducp@gmail.com', 'pass555666', '1986-01-28', 'Male', '28 Quan Su, Hanoi', TRUE),
(UUID_TO_BIN(UUID()), 'Pham Bao Q', 'phambaop@gmail.com', 'pass777888', '1990-07-14', 'Male', '14 Ly Tu Trong, Hue', TRUE),
(UUID_TO_BIN(UUID()), 'Le Minh R', 'leminhr@gmail.com', 'pass999000', '1994-03-26', 'Female', '26 Ngo Quyen, Hai Phong', TRUE),
(UUID_TO_BIN(UUID()), 'Nguyen Anh S', 'nguyenanhs@gmail.com', 'pass010101', '1997-09-18', 'Male', '18 Hai Ba Trung, HCMC', TRUE),
(UUID_TO_BIN(UUID()), 'Tran Van T', 'tranvant@gmail.com', 'pass020202', '1998-06-04', 'Male', '4 Tran Hung Dao, Hanoi', TRUE),
(UUID_TO_BIN(UUID()), 'Vu Bao U', 'vubaou@gmail.com', 'pass303030', '1983-05-31', 'Female', '31 Bach Dang, Da Nang', TRUE),
(UUID_TO_BIN(UUID()), 'Dang Quoc V', 'dangquocv@gmail.com', 'pass404040', '1987-10-11', 'Male', '11 Dong Da, Hanoi', TRUE),
(UUID_TO_BIN(UUID()), 'Ngo Thanh W', 'ngothanhw@gmail.com', 'pass505050', '1995-11-09', 'Female', '9 Nguyen Du, Hue', TRUE),
(UUID_TO_BIN(UUID()), 'Bui Minh X', 'buiminhx@gmail.com', 'pass606060', '1990-01-06', 'Male', '6 Ly Thai To, Da Nang', TRUE),
(UUID_TO_BIN(UUID()), 'Pham Tuan Y', 'phamtuany@gmail.com', 'pass707070', '1989-04-27', 'Male', '27 Tran Phu, Hai Phong', TRUE),
(UUID_TO_BIN(UUID()), 'Hoang Bao Z', 'hoangbaoz@gmail.com', 'pass808080', '1986-07-02', 'Male', '2 Hoang Hoa Tham, Hanoi', TRUE);
(UUID_TO_BIN(UUID()), 'Nguyen Bao Uyen', 'nguyenbuyen@gmail.com', 'pass12345', '1991-07-13', 'Female', '13 Nguyen Trai, District 1, HCMC', TRUE),
(UUID_TO_BIN(UUID()), 'Tran Duc Long', 'trandlong@gmail.com', 'pass67890', '1989-02-25', 'Male', '25 Tran Hung Dao, Da Nang', TRUE),
(UUID_TO_BIN(UUID()), 'Hoang Minh Chau', 'hoangmchau@gmail.com', 'pass24680', '1995-05-14', 'Female', '14 Ba Dinh, Hanoi', TRUE),
(UUID_TO_BIN(UUID()), 'Pham Gia Bao', 'phamgb@gmail.com', 'pass13579', '1987-11-30', 'Male', '30 Ngo Quyen, Hue', TRUE),
(UUID_TO_BIN(UUID()), 'Le Ngoc Lan', 'lenglan@gmail.com', 'pass01234', '1992-03-07', 'Female', '7 Dong Khoi, HCMC', TRUE),
(UUID_TO_BIN(UUID()), 'Vo Thanh Luan', 'vothluan@gmail.com', 'pass55555', '1990-10-20', 'Male', '20 Nguyen Hue, Da Nang', TRUE),
(UUID_TO_BIN(UUID()), 'Bui Bao Truc', 'buibtruc@gmail.com', 'pass22222', '1993-06-01', 'Female', '1 Le Thanh Ton, Hanoi', TRUE),
(UUID_TO_BIN(UUID()), 'Ngo Tien Dat', 'ngotiendat@gmail.com', 'pass33333', '1985-09-18', 'Male', '18 Ly Thai To, Hai Phong', TRUE),
(UUID_TO_BIN(UUID()), 'Dang Thi Hong', 'dangthihong@gmail.com', 'pass77777', '1997-12-11', 'Female', '11 Bach Dang, Da Nang', TRUE),
(UUID_TO_BIN(UUID()), 'Nguyen Hoang Tuan', 'nguyenhtuan@gmail.com', 'pass88888', '1998-04-03', 'Male', '3 Tran Phu, Hue', TRUE),
(UUID_TO_BIN(UUID()), 'Vu Bao Ngan', 'vubaongan@gmail.com', 'pass90909', '1988-01-22', 'Female', '22 Hang Bac, Hanoi', TRUE),
(UUID_TO_BIN(UUID()), 'Le Van Tien', 'levantien@gmail.com', 'pass101010', '1996-08-30', 'Male', '30 Bach Dang, Da Nang', TRUE),
(UUID_TO_BIN(UUID()), 'Ngo Quoc Bao', 'ngoquocbao@gmail.com', 'pass121212', '1994-02-09', 'Male', '9 Ly Thuong Kiet, HCMC', TRUE),
(UUID_TO_BIN(UUID()), 'Hoang Thi Yen', 'hoangthiyen@gmail.com', 'pass141414', '1993-05-26', 'Female', '26 Le Hong Phong, Hanoi', TRUE),
(UUID_TO_BIN(UUID()), 'Pham Tuan Kiet', 'phamtkiet@gmail.com', 'pass161616', '1986-11-07', 'Male', '7 Nguyen Chi Thanh, Hue', TRUE),
(UUID_TO_BIN(UUID()), 'Dang Bao Ha', 'dangbaoha@gmail.com', 'pass181818', '1992-09-13', 'Female', '13 Quan Su, HCMC', TRUE),
(UUID_TO_BIN(UUID()), 'Vu Hoang Phuc', 'vuhoangphuc@gmail.com', 'pass202020', '1995-03-31', 'Male', '31 Ngo Gia Tu, Da Nang', TRUE),
(UUID_TO_BIN(UUID()), 'Bui Nhat Minh', 'buinhatminh@gmail.com', 'pass232323', '1990-06-19', 'Male', '19 Dong Da, Hanoi', TRUE),
(UUID_TO_BIN(UUID()), 'Tran Thi Mai', 'tranthimai@gmail.com', 'pass252525', '1989-12-08', 'Female', '8 Phan Dinh Phung, Hue', TRUE),
(UUID_TO_BIN(UUID()), 'Nguyen Van Hung', 'nguyenvhung@gmail.com', 'pass282828', '1998-07-21', 'Male', '21 Le Loi, Hai Phong', TRUE);
(UUID_TO_BIN(UUID()), 'Le Tuan Anh', 'letuananh@gmail.com', 'pass303030', '1987-09-15', 'Male', '15 Tran Hung Dao, Da Nang', TRUE),
(UUID_TO_BIN(UUID()), 'Tran Bao Chau', 'tranbchau@gmail.com', 'pass323232', '1994-05-07', 'Female', '7 Ly Thuong Kiet, Hue', TRUE),
(UUID_TO_BIN(UUID()), 'Hoang Van Thang', 'hoangvthang@gmail.com', 'pass353535', '1991-01-11', 'Male', '11 Ba Trieu, Hanoi', TRUE),
(UUID_TO_BIN(UUID()), 'Pham Anh Thu', 'phamanhthu@gmail.com', 'pass383838', '1990-06-05', 'Female', '5 Bach Dang, HCMC', TRUE),
(UUID_TO_BIN(UUID()), 'Ngo Bao Khoa', 'ngobaokhoa@gmail.com', 'pass404040', '1985-03-25', 'Male', '25 Dong Khoi, Da Nang', TRUE),
(UUID_TO_BIN(UUID()), 'Dang Thi Quyen', 'dangthiquyen@gmail.com', 'pass434343', '1992-11-22', 'Female', '22 Nguyen Trai, Hanoi', TRUE),
(UUID_TO_BIN(UUID()), 'Vu Tien Dung', 'vutiendung@gmail.com', 'pass454545', '1996-02-02', 'Male', '2 Tran Hung Dao, Hue', TRUE),
(UUID_TO_BIN(UUID()), 'Nguyen Bao Linh', 'nguyenbalinh@gmail.com', 'pass505050', '1993-08-28', 'Female', '28 Le Hong Phong, Hai Phong', TRUE),
(UUID_TO_BIN(UUID()), 'Pham Thi Ngan', 'phamthingan@gmail.com', 'pass525252', '1990-09-30', 'Female', '30 Bach Dang, HCMC', TRUE),
(UUID_TO_BIN(UUID()), 'Bui Van Hieu', 'buivanhieu@gmail.com', 'pass555555', '1988-07-10', 'Male', '10 Ly Thuong Kiet, Hanoi', TRUE),
(UUID_TO_BIN(UUID()), 'Tran Nhat Cuong', 'tranncuong@gmail.com', 'pass565656', '1997-03-16', 'Male', '16 Hang Dau, Da Nang', TRUE),
(UUID_TO_BIN(UUID()), 'Ngo Bao Anh', 'ngobaanh@gmail.com', 'pass575757', '1999-05-18', 'Female', '18 Ngo Gia Tu, Hue', TRUE),
(UUID_TO_BIN(UUID()), 'Le Hoang Minh', 'lehoangminh@gmail.com', 'pass606060', '1991-10-27', 'Male', '27 Bach Dang, Hai Phong', TRUE),
(UUID_TO_BIN(UUID()), 'Hoang Minh Khang', 'hoangmkhang@gmail.com', 'pass616161', '1993-12-03', 'Male', '3 Tran Phu, HCMC', TRUE),
(UUID_TO_BIN(UUID()), 'Vu Bao Khanh', 'vubaokhanh@gmail.com', 'pass626262', '1989-11-12', 'Female', '12 Nguyen Hue, Hanoi', TRUE);

-- Insert data into librarian
INSERT INTO librarian (id, userID)
VALUES
(UUID_TO_BIN(UUID()), UUID_TO_BIN(UUID()));
(UUID_TO_BIN(UUID()), UUID_TO_BIN(UUID())),
(UUID_TO_BIN(UUID()), UUID_TO_BIN(UUID())),
(UUID_TO_BIN(UUID()), UUID_TO_BIN(UUID())),
(UUID_TO_BIN(UUID()), UUID_TO_BIN(UUID())),
(UUID_TO_BIN(UUID()), UUID_TO_BIN(UUID()));

-- Insert data into reader
INSERT INTO reader (id, name, cmnd_cccd, dob, gender, email, address, cardIssuedDate, cardExpiryDate, isEnabled)
VALUES
(UUID_TO_BIN(UUID()), 'Nguyen Van A', '123456789', '1980-01-15', 'Male', 'vana_reader@gmail.com', '123 Street, HCMC', CURRENT_DATE, DATE_ADD(CURRENT_DATE, INTERVAL 48 MONTH), TRUE),
(UUID_TO_BIN(UUID()), 'Tran Thi B', '987654321', '1992-06-10', 'Female', 'thib_reader@gmail.com', '456 Avenue, Hanoi', CURRENT_DATE, DATE_ADD(CURRENT_DATE, INTERVAL 48 MONTH), TRUE),
(UUID_TO_BIN(UUID()), 'Le Hoang C', '654987321', '1985-09-20', 'Male', 'hoangc_reader@gmail.com', '789 Boulevard, Da Nang', CURRENT_DATE, DATE_ADD(CURRENT_DATE, INTERVAL 48 MONTH), TRUE),
(UUID_TO_BIN(UUID()), 'Pham Minh D', '321654987', '2000-03-25', 'Male', 'minhd_reader@gmail.com', '321 Road, Can Tho', CURRENT_DATE, DATE_ADD(CURRENT_DATE, INTERVAL 48 MONTH), TRUE),
(UUID_TO_BIN(UUID()), 'Vo Thi E', '987123654', '1995-12-05', 'Female', 'thie_reader@gmail.com', '654 Lane, Hue', CURRENT_DATE, DATE_ADD(CURRENT_DATE, INTERVAL 48 MONTH), TRUE);
(UUID_TO_BIN(UUID()), 'Hoang Quoc F', '789654123', '1997-04-10', 'Male', 'quocf_reader@gmail.com', '789 Hoan Kiem, Hanoi', CURRENT_DATE, DATE_ADD(CURRENT_DATE, INTERVAL 48 MONTH), TRUE),
(UUID_TO_BIN(UUID()), 'Bui Thu G', '123987456', '1990-07-25', 'Female', 'thug_reader@gmail.com', '567 Le Loi, Da Nang', CURRENT_DATE, DATE_ADD(CURRENT_DATE, INTERVAL 48 MONTH), TRUE),
(UUID_TO_BIN(UUID()), 'Ngo Van H', '654789123', '1988-12-13', 'Male', 'vanh_reader@gmail.com', '234 Phan Dinh Phung, HCMC', CURRENT_DATE, DATE_ADD(CURRENT_DATE, INTERVAL 48 MONTH), TRUE),
(UUID_TO_BIN(UUID()), 'Hoang Thi I', '987456321', '1995-03-17', 'Female', 'thii_reader@gmail.com', '789 Bach Dang, Hue', CURRENT_DATE, DATE_ADD(CURRENT_DATE, INTERVAL 48 MONTH), TRUE),
(UUID_TO_BIN(UUID()), 'Le Huy J', '123654987', '1984-06-20', 'Male', 'huyj_reader@gmail.com', '56 Tran Quoc Toan, Da Nang', CURRENT_DATE, DATE_ADD(CURRENT_DATE, INTERVAL 48 MONTH), TRUE);
(UUID_TO_BIN(UUID()), 'Nguyen Bao K', '789123987', '1991-05-18', 'Male', 'baok_reader@gmail.com', '12 Quang Trung, Hanoi', CURRENT_DATE, DATE_ADD(CURRENT_DATE, INTERVAL 48 MONTH), TRUE),
(UUID_TO_BIN(UUID()), 'Tran Minh L', '654321789', '1993-08-24', 'Female', 'minhl_reader@gmail.com', '78 Hoang Hoa Tham, Hue', CURRENT_DATE, DATE_ADD(CURRENT_DATE, INTERVAL 48 MONTH), TRUE),
(UUID_TO_BIN(UUID()), 'Le Quoc M', '321789654', '1989-10-15', 'Male', 'quocm_reader@gmail.com', '45 Nguyen Huu Canh, HCMC', CURRENT_DATE, DATE_ADD(CURRENT_DATE, INTERVAL 48 MONTH), TRUE),
(UUID_TO_BIN(UUID()), 'Pham Thu N', '987123456', '1992-03-29', 'Female', 'thun_reader@gmail.com', '89 Bach Khoa, Da Nang', CURRENT_DATE, DATE_ADD(CURRENT_DATE, INTERVAL 48 MONTH), TRUE),
(UUID_TO_BIN(UUID()), 'Vo Van O', '123789654', '1987-12-11', 'Male', 'vano_reader@gmail.com', '34 Hang Bac, Hanoi', CURRENT_DATE, DATE_ADD(CURRENT_DATE, INTERVAL 48 MONTH), TRUE),
(UUID_TO_BIN(UUID()), 'Hoang Bao P', '654123789', '1996-07-08', 'Female', 'baop_reader@gmail.com', '123 Le Hong Phong, Hai Phong', CURRENT_DATE, DATE_ADD(CURRENT_DATE, INTERVAL 48 MONTH), TRUE),
(UUID_TO_BIN(UUID()), 'Ngo Tuan Q', '321456987', '1988-09-16', 'Male', 'tuanq_reader@gmail.com', '56 Dong Khoi, HCMC', CURRENT_DATE, DATE_ADD(CURRENT_DATE, INTERVAL 48 MONTH), TRUE),
(UUID_TO_BIN(UUID()), 'Bui Thi R', '987789123', '1994-11-02', 'Female', 'thir_reader@gmail.com', '89 Pham Van Dong, Da Nang', CURRENT_DATE, DATE_ADD(CURRENT_DATE, INTERVAL 48 MONTH), TRUE),
(UUID_TO_BIN(UUID()), 'Dang Bao S', '456123789', '1990-01-22', 'Male', 'baos_reader@gmail.com', '25 Tran Hung Dao, Hue', CURRENT_DATE, DATE_ADD(CURRENT_DATE, INTERVAL 48 MONTH), TRUE),
(UUID_TO_BIN(UUID()), 'Le Duc T', '789321456', '1985-03-05', 'Male', 'duct_reader@gmail.com', '90 Quang Trung, Hanoi', CURRENT_DATE, DATE_ADD(CURRENT_DATE, INTERVAL 48 MONTH), TRUE);

-- Insert data into author
INSERT INTO author (id, name, isEnabled)
VALUES
(UUID_TO_BIN(UUID()), 'Nguyen Nhat Anh', TRUE),
(UUID_TO_BIN(UUID()), 'To Hoai', TRUE),
(UUID_TO_BIN(UUID()), 'Nam Cao', TRUE),
(UUID_TO_BIN(UUID()), 'Nguyen Huy Thiep', TRUE),
(UUID_TO_BIN(UUID()), 'Le Luu', TRUE);
(UUID_TO_BIN(UUID()), 'Vu Bao', TRUE),
(UUID_TO_BIN(UUID()), 'Ho Anh Thai', TRUE),
(UUID_TO_BIN(UUID()), 'Ma Van Khang', TRUE),
(UUID_TO_BIN(UUID()), 'Bao Ninh', TRUE),
(UUID_TO_BIN(UUID()), 'Nguyen Khai', TRUE),
(UUID_TO_BIN(UUID()), 'Duong Thu Huong', TRUE),
(UUID_TO_BIN(UUID()), 'Nguyen Thi Thu Hoai', TRUE),
(UUID_TO_BIN(UUID()), 'Nguyen Dinh Thi', TRUE),
(UUID_TO_BIN(UUID()), 'Nguyen Minh Chau', TRUE),
(UUID_TO_BIN(UUID()), 'Y Ban', TRUE),
(UUID_TO_BIN(UUID()), 'Nguyen Binh Phuong', TRUE),
(UUID_TO_BIN(UUID()), 'Tran Dang Khoa', TRUE),
(UUID_TO_BIN(UUID()), 'Nguyen Hong', TRUE),
(UUID_TO_BIN(UUID()), 'Hoang Phu Ngoc Tuong', TRUE),
(UUID_TO_BIN(UUID()), 'Nguyen Xuan Khanh', TRUE);
(UUID_TO_BIN(UUID()), 'Phan Tu', TRUE),
(UUID_TO_BIN(UUID()), 'Doan Gioi', TRUE),
(UUID_TO_BIN(UUID()), 'Nguyen Huy Tuong', TRUE),
(UUID_TO_BIN(UUID()), 'Thach Lam', TRUE),
(UUID_TO_BIN(UUID()), 'Vu Trong Phung', TRUE),
(UUID_TO_BIN(UUID()), 'Tam Tam', TRUE),
(UUID_TO_BIN(UUID()), 'Nguyen Van Sieu', TRUE),
(UUID_TO_BIN(UUID()), 'Ho Bieu Chanh', TRUE),
(UUID_TO_BIN(UUID()), 'Nguyen Duy', TRUE),
(UUID_TO_BIN(UUID()), 'Pham Thi Hoai', TRUE),
(UUID_TO_BIN(UUID()), 'Le Minh Khue', TRUE),
(UUID_TO_BIN(UUID()), 'Nguyen Phong', TRUE),
(UUID_TO_BIN(UUID()), 'Duong Ngoc Dung', TRUE),
(UUID_TO_BIN(UUID()), 'Nguyen Hoang Dieu', TRUE),
(UUID_TO_BIN(UUID()), 'Bao Chau', TRUE),
(UUID_TO_BIN(UUID()), 'Trinh Cong Son', TRUE),
(UUID_TO_BIN(UUID()), 'Nguyen Tuan', TRUE),
(UUID_TO_BIN(UUID()), 'Phan Boi Chau', TRUE),
(UUID_TO_BIN(UUID()), 'Pham Quynh', TRUE);
(UUID_TO_BIN(UUID()), 'Doan Thuy', TRUE),
(UUID_TO_BIN(UUID()), 'Tran Van Tuan', TRUE),
(UUID_TO_BIN(UUID()), 'Le Anh Tuan', TRUE),
(UUID_TO_BIN(UUID()), 'Nguyen Hoai Nam', TRUE),
(UUID_TO_BIN(UUID()), 'Nguyen Bao Hoa', TRUE),
(UUID_TO_BIN(UUID()), 'Dang Minh Hoang', TRUE),
(UUID_TO_BIN(UUID()), 'Bui Thanh Ha', TRUE),
(UUID_TO_BIN(UUID()), 'Hoang Thuy Linh', TRUE),
(UUID_TO_BIN(UUID()), 'Tran Ngoc Bao', TRUE),
(UUID_TO_BIN(UUID()), 'Pham Tien Dung', TRUE),
(UUID_TO_BIN(UUID()), 'Le Bao Thanh', TRUE),
(UUID_TO_BIN(UUID()), 'Vu Quang Minh', TRUE),
(UUID_TO_BIN(UUID()), 'Ngo Thanh Tung', TRUE),
(UUID_TO_BIN(UUID()), 'Dang Hoai Bao', TRUE),
(UUID_TO_BIN(UUID()), 'Nguyen Minh Tuan', TRUE),
(UUID_TO_BIN(UUID()), 'Tran Phuong Lan', TRUE),
(UUID_TO_BIN(UUID()), 'Le Thi Hoa', TRUE),
(UUID_TO_BIN(UUID()), 'Pham Thanh Tung', TRUE),
(UUID_TO_BIN(UUID()), 'Vu Bao Long', TRUE),
(UUID_TO_BIN(UUID()), 'Ngo Quynh Chi', TRUE),
(UUID_TO_BIN(UUID()), 'Nguyen Khac Toan', TRUE),
(UUID_TO_BIN(UUID()), 'Hoang Anh Dung', TRUE),
(UUID_TO_BIN(UUID()), 'Tran Huyen Trang', TRUE),
(UUID_TO_BIN(UUID()), 'Pham Thai Bao', TRUE),
(UUID_TO_BIN(UUID()), 'Ngo Bao Thanh', TRUE),
(UUID_TO_BIN(UUID()), 'Dang Minh Chau', TRUE),
(UUID_TO_BIN(UUID()), 'Bui Van Phuc', TRUE),
(UUID_TO_BIN(UUID()), 'Hoang Le Khanh', TRUE),
(UUID_TO_BIN(UUID()), 'Nguyen Duc Bao', TRUE),
(UUID_TO_BIN(UUID()), 'Tran Viet Hoang', TRUE),
(UUID_TO_BIN(UUID()), 'Pham Thi Ly', TRUE),
(UUID_TO_BIN(UUID()), 'Nguyen Tien Dung', TRUE),
(UUID_TO_BIN(UUID()), 'Le Quang Anh', TRUE),
(UUID_TO_BIN(UUID()), 'Tran Ngoc Tu', TRUE),
(UUID_TO_BIN(UUID()), 'Hoang Viet Thao', TRUE),
(UUID_TO_BIN(UUID()), 'Vu Minh Thu', TRUE),
(UUID_TO_BIN(UUID()), 'Ngo Bao Phuong', TRUE),
(UUID_TO_BIN(UUID()), 'Nguyen Van Hung', TRUE),
(UUID_TO_BIN(UUID()), 'Pham Thai Binh', TRUE),
(UUID_TO_BIN(UUID()), 'Le Bao Khanh', TRUE),
(UUID_TO_BIN(UUID()), 'Bui Hoang Nam', TRUE),
(UUID_TO_BIN(UUID()), 'Ngo Minh Anh', TRUE),
(UUID_TO_BIN(UUID()), 'Vu Hong Phuc', TRUE),
(UUID_TO_BIN(UUID()), 'Le Anh Khoa', TRUE),
(UUID_TO_BIN(UUID()), 'Nguyen Quang Thanh', TRUE),
(UUID_TO_BIN(UUID()), 'Tran Tien Hung', TRUE),
(UUID_TO_BIN(UUID()), 'Ngo Bao An', TRUE),
(UUID_TO_BIN(UUID()), 'Pham Huy Long', TRUE),
(UUID_TO_BIN(UUID()), 'Bui Thi Thuy', TRUE),
(UUID_TO_BIN(UUID()), 'Dang Huy Phuc', TRUE),
(UUID_TO_BIN(UUID()), 'Hoang Bao Thuy', TRUE),
(UUID_TO_BIN(UUID()), 'Nguyen Tien An', TRUE),
(UUID_TO_BIN(UUID()), 'Pham Thi Mai', TRUE),
(UUID_TO_BIN(UUID()), 'Le Huu Toan', TRUE),
(UUID_TO_BIN(UUID()), 'Tran Ngoc Lan', TRUE),
(UUID_TO_BIN(UUID()), 'Hoang Quoc Bao', TRUE),
(UUID_TO_BIN(UUID()), 'Nguyen Van Huy', TRUE),
(UUID_TO_BIN(UUID()), 'Dang Tien Hoa', TRUE),
(UUID_TO_BIN(UUID()), 'Vu Thi Mai', TRUE),
(UUID_TO_BIN(UUID()), 'Ngo Quynh Hoa', TRUE),
(UUID_TO_BIN(UUID()), 'Pham Minh Huy', TRUE),
(UUID_TO_BIN(UUID()), 'Bui Quang Khanh', TRUE),
(UUID_TO_BIN(UUID()), 'Hoang Bao Ngoc', TRUE),
(UUID_TO_BIN(UUID()), 'Nguyen Bao Anh', TRUE),
(UUID_TO_BIN(UUID()), 'Le Hong Phuc', TRUE),
(UUID_TO_BIN(UUID()), 'Tran Bao Khoa', TRUE),
(UUID_TO_BIN(UUID()), 'Pham Tien Duc', TRUE),
(UUID_TO_BIN(UUID()), 'Ngo Hoang Bao', TRUE),
(UUID_TO_BIN(UUID()), 'Nguyen Hoang Tung', TRUE),
(UUID_TO_BIN(UUID()), 'Dang Bao Ngoc', TRUE),
(UUID_TO_BIN(UUID()), 'Bui Thi Hoa', TRUE),
(UUID_TO_BIN(UUID()), 'Pham Hoai Nam', TRUE),
(UUID_TO_BIN(UUID()), 'Le Bao Duy', TRUE),
(UUID_TO_BIN(UUID()), 'Nguyen Hoang Linh', TRUE),
(UUID_TO_BIN(UUID()), 'Tran Bao Ngoc', TRUE),
(UUID_TO_BIN(UUID()), 'Ngo Bao Ha', TRUE),
(UUID_TO_BIN(UUID()), 'Pham Bao Phuong', TRUE),
(UUID_TO_BIN(UUID()), 'Vu Bao Minh', TRUE),
(UUID_TO_BIN(UUID()), 'Dang Huy Dung', TRUE),
(UUID_TO_BIN(UUID()), 'Bui Thi Hang', TRUE),
(UUID_TO_BIN(UUID()), 'Nguyen Thi Mai', TRUE),
(UUID_TO_BIN(UUID()), 'Tran Thi Hong', TRUE),
(UUID_TO_BIN(UUID()), 'Hoang Thi Dao', TRUE),
(UUID_TO_BIN(UUID()), 'Ngo Thi Phuong', TRUE),
(UUID_TO_BIN(UUID()), 'Pham Quang Minh', TRUE),
(UUID_TO_BIN(UUID()), 'Le Duc Tho', TRUE),
(UUID_TO_BIN(UUID()), 'Vu Bao Son', TRUE),
(UUID_TO_BIN(UUID()), 'Ngo Viet Hung', TRUE),
(UUID_TO_BIN(UUID()), 'Nguyen Thai Bao', TRUE),
(UUID_TO_BIN(UUID()), 'Dang Van Hau', TRUE),
(UUID_TO_BIN(UUID()), 'Hoang Tuan Anh', TRUE),
(UUID_TO_BIN(UUID()), 'Le Hong Thuy', TRUE),
(UUID_TO_BIN(UUID()), 'Vu Bao Trang', TRUE),
(UUID_TO_BIN(UUID()), 'Nguyen Van Nam', TRUE);

-- Insert data into publisher
INSERT INTO publisher (id, name, isEnabled)
VALUES
(UUID_TO_BIN(UUID()), 'Kim Dong', TRUE),
(UUID_TO_BIN(UUID()), 'Tre', TRUE),
(UUID_TO_BIN(UUID()), 'Nha Nam', TRUE),
(UUID_TO_BIN(UUID()), 'Van Hoc', TRUE),
(UUID_TO_BIN(UUID()), 'Thong Tin', TRUE);
(UUID_TO_BIN(UUID()), 'Tri Viet', TRUE),
(UUID_TO_BIN(UUID()), 'Thai Ha', TRUE),
(UUID_TO_BIN(UUID()), 'Hoi Nha Van', TRUE),
(UUID_TO_BIN(UUID()), 'Hoi Nha Tho', TRUE),
(UUID_TO_BIN(UUID()), 'Hoi Nha Bao', TRUE), 
(UUID_TO_BIN(UUID()), 'Hoi Nha Khoa', TRUE),
(UUID_TO_BIN(UUID()), 'Hoi Nha Hoc', TRUE),
(UUID_TO_BIN(UUID()), 'Hoi Nha Van', TRUE),
(UUID_TO_BIN(UUID()), 'Hoi Nha Tho', TRUE),
(UUID_TO_BIN(UUID()), 'Kim Dong Publishing', TRUE),
(UUID_TO_BIN(UUID()), 'Nha Xuat Ban Tre', TRUE),
(UUID_TO_BIN(UUID()), 'Nha Xuat Ban Giao Duc', TRUE),
(UUID_TO_BIN(UUID()), 'Nha Xuat Ban Van Hoc', TRUE),
(UUID_TO_BIN(UUID()), 'Nha Xuat Ban Thanh Nien', TRUE),
(UUID_TO_BIN(UUID()), 'Nha Xuat Ban Phu Nu', TRUE),
(UUID_TO_BIN(UUID()), 'Nha Xuat Ban Lao Dong', TRUE),
(UUID_TO_BIN(UUID()), 'Nha Xuat Ban Cong An Nhan Dan', TRUE),
(UUID_TO_BIN(UUID()), 'Nha Xuat Ban Khoa Hoc Ky Thuat', TRUE),
(UUID_TO_BIN(UUID()), 'Nha Xuat Ban Chinh Tri Quoc Gia', TRUE),
(UUID_TO_BIN(UUID()), 'Nha Xuat Ban Dai Hoc Quoc Gia', TRUE),
(UUID_TO_BIN(UUID()), 'Nha Xuat Ban Hoi Nha Van', TRUE),
(UUID_TO_BIN(UUID()), 'Nha Xuat Ban Quan Doi Nhan Dan', TRUE),
(UUID_TO_BIN(UUID()), 'First News - Tri Viet', TRUE),
(UUID_TO_BIN(UUID()), 'Tong Hop Thanh Pho Ho Chi Minh', TRUE),
(UUID_TO_BIN(UUID()), 'Tong Hop Ha Noi', TRUE),
(UUID_TO_BIN(UUID()), 'NXB The Gioi', TRUE),
(UUID_TO_BIN(UUID()), 'NXB Dan Tri', TRUE),
(UUID_TO_BIN(UUID()), 'NXB Hong Duc', TRUE),
(UUID_TO_BIN(UUID()), 'NXB Van Nghe', TRUE),
(UUID_TO_BIN(UUID()), 'Alpha Books', TRUE),
(UUID_TO_BIN(UUID()), 'Thai Ha Books', TRUE),
(UUID_TO_BIN(UUID()), 'NXB Thong Tin Truyen Thong', TRUE),
(UUID_TO_BIN(UUID()), 'Dong A Books', TRUE),
(UUID_TO_BIN(UUID()), 'Omega Plus Books', TRUE),
(UUID_TO_BIN(UUID()), 'NXB San Khau', TRUE),
(UUID_TO_BIN(UUID()), 'NXB Van Hoa - Nghe Thuat', TRUE),
(UUID_TO_BIN(UUID()), 'NXB Y Hoc', TRUE),
(UUID_TO_BIN(UUID()), 'NXB Cong Nghe', TRUE),
(UUID_TO_BIN(UUID()), 'NXB Tong Hop Can Tho', TRUE),
(UUID_TO_BIN(UUID()), 'NXB Tong Hop Da Nang', TRUE),
(UUID_TO_BIN(UUID()), 'Saigon Books', TRUE),
(UUID_TO_BIN(UUID()), 'NXB Van Phuc', TRUE),
(UUID_TO_BIN(UUID()), 'NXB Phap Luat', TRUE),
(UUID_TO_BIN(UUID()), 'Green Books', TRUE),
(UUID_TO_BIN(UUID()), 'NXB Tu Phap', TRUE),
(UUID_TO_BIN(UUID()), 'NXB Van Lang', TRUE),
(UUID_TO_BIN(UUID()), 'Minh Long Book', TRUE),
(UUID_TO_BIN(UUID()), 'Song Books', TRUE),
(UUID_TO_BIN(UUID()), 'NXB Van Minh Viet', TRUE),
(UUID_TO_BIN(UUID()), 'NXB Hai Phong', TRUE),
(UUID_TO_BIN(UUID()), 'NXB Ha Giang', TRUE),
(UUID_TO_BIN(UUID()), 'NXB Quang Ninh', TRUE),
(UUID_TO_BIN(UUID()), 'NXB Quang Binh', TRUE),
(UUID_TO_BIN(UUID()), 'NXB Can Tho', TRUE),
(UUID_TO_BIN(UUID()), 'NXB Binh Duong', TRUE),
(UUID_TO_BIN(UUID()), 'NXB Dong Nai', TRUE),
(UUID_TO_BIN(UUID()), 'NXB Tien Giang', TRUE),
(UUID_TO_BIN(UUID()), 'NXB Vinh Long', TRUE),
(UUID_TO_BIN(UUID()), 'NXB Bac Ninh', TRUE),
(UUID_TO_BIN(UUID()), 'NXB Phu Tho', TRUE),
(UUID_TO_BIN(UUID()), 'NXB Nam Dinh', TRUE),
(UUID_TO_BIN(UUID()), 'NXB Quang Nam', TRUE),
(UUID_TO_BIN(UUID()), 'NXB Thai Binh', TRUE),
(UUID_TO_BIN(UUID()), 'NXB Ba Ria - Vung Tau', TRUE),
(UUID_TO_BIN(UUID()), 'NXB Hoa Binh', TRUE),
(UUID_TO_BIN(UUID()), 'NXB Hung Yen', TRUE),
(UUID_TO_BIN(UUID()), 'NXB Son La', TRUE),
(UUID_TO_BIN(UUID()), 'NXB Gia Lai', TRUE),
(UUID_TO_BIN(UUID()), 'NXB Kon Tum', TRUE),
(UUID_TO_BIN(UUID()), 'NXB Lam Dong', TRUE),
(UUID_TO_BIN(UUID()), 'NXB Bac Giang', TRUE),
(UUID_TO_BIN(UUID()), 'NXB Thanh Hoa', TRUE),
(UUID_TO_BIN(UUID()), 'NXB Kien Giang', TRUE),
(UUID_TO_BIN(UUID()), 'NXB Tay Nguyen', TRUE),
(UUID_TO_BIN(UUID()), 'NXB Tay Ninh', TRUE),
(UUID_TO_BIN(UUID()), 'NXB Thua Thien Hue', TRUE),
(UUID_TO_BIN(UUID()), 'NXB Bac Lieu', TRUE),
(UUID_TO_BIN(UUID()), 'NXB Ca Mau', TRUE),
(UUID_TO_BIN(UUID()), 'NXB Dong Thap', TRUE),
(UUID_TO_BIN(UUID()), 'NXB Binh Thuan', TRUE),
(UUID_TO_BIN(UUID()), 'NXB Ha Tinh', TRUE),
(UUID_TO_BIN(UUID()), 'NXB Nghe An', TRUE),
(UUID_TO_BIN(UUID()), 'NXB Binh Phuoc', TRUE),
(UUID_TO_BIN(UUID()), 'NXB Cao Bang', TRUE),
(UUID_TO_BIN(UUID()), 'NXB Thai Nguyen', TRUE),
(UUID_TO_BIN(UUID()), 'NXB Dien Bien', TRUE),
(UUID_TO_BIN(UUID()), 'NXB Tuyen Quang', TRUE),
(UUID_TO_BIN(UUID()), 'NXB Bac Kan', TRUE),
(UUID_TO_BIN(UUID()), 'NXB Lai Chau', TRUE),
(UUID_TO_BIN(UUID()), 'NXB Ha Nam', TRUE),
(UUID_TO_BIN(UUID()), 'NXB Ninh Binh', TRUE),
(UUID_TO_BIN(UUID()), 'NXB An Giang', TRUE),
(UUID_TO_BIN(UUID()), 'NXB Tay Do', TRUE),
(UUID_TO_BIN(UUID()), 'NXB Khanh Hoa', TRUE),
(UUID_TO_BIN(UUID()), 'NXB Nha Trang', TRUE),
(UUID_TO_BIN(UUID()), 'NXB Da Lat', TRUE),
(UUID_TO_BIN(UUID()), 'NXB Me Kong', TRUE),
(UUID_TO_BIN(UUID()), 'NXB Phong Dien', TRUE),
(UUID_TO_BIN(UUID()), 'NXB Hau Giang', TRUE),
(UUID_TO_BIN(UUID()), 'NXB Viet Bac', TRUE),
(UUID_TO_BIN(UUID()), 'NXB Dong Nam A', TRUE),
(UUID_TO_BIN(UUID()), 'NXB Chau A', TRUE);

-- Insert data into category
INSERT INTO category (id, name, isEnabled)
VALUES
(UUID_TO_BIN(UUID()), 'Science', TRUE),
(UUID_TO_BIN(UUID()), 'History', TRUE),
(UUID_TO_BIN(UUID()), 'Art', TRUE),
(UUID_TO_BIN(UUID()), 'Children', TRUE);
(UUID_TO_BIN(UUID()), 'Literature', TRUE),
(UUID_TO_BIN(UUID()), 'Science Fiction', TRUE),
(UUID_TO_BIN(UUID()), 'Mystery', TRUE),
(UUID_TO_BIN(UUID()), 'Fantasy', TRUE),
(UUID_TO_BIN(UUID()), 'Biography', TRUE),
(UUID_TO_BIN(UUID()), 'History', TRUE),
(UUID_TO_BIN(UUID()), 'Self-Help', TRUE),
(UUID_TO_BIN(UUID()), 'Children', TRUE),
(UUID_TO_BIN(UUID()), 'Romance', TRUE),
(UUID_TO_BIN(UUID()), 'Horror', TRUE),
(UUID_TO_BIN(UUID()), 'Thriller', TRUE),
(UUID_TO_BIN(UUID()), 'Philosophy', TRUE),
(UUID_TO_BIN(UUID()), 'Travel', TRUE),
(UUID_TO_BIN(UUID()), 'Cookbooks', TRUE),
(UUID_TO_BIN(UUID()), 'Health & Fitness', TRUE),
(UUID_TO_BIN(UUID()), 'Poetry', TRUE),
(UUID_TO_BIN(UUID()), 'Religion', TRUE),
(UUID_TO_BIN(UUID()), 'Science', TRUE),
(UUID_TO_BIN(UUID()), 'Education', TRUE),
(UUID_TO_BIN(UUID()), 'Art', TRUE),
(UUID_TO_BIN(UUID()), 'Technology', TRUE),
(UUID_TO_BIN(UUID()), 'Graphic Novels', TRUE),
(UUID_TO_BIN(UUID()), 'Sports', TRUE),
(UUID_TO_BIN(UUID()), 'Drama', TRUE),
(UUID_TO_BIN(UUID()), 'Adventure', TRUE),
(UUID_TO_BIN(UUID()), 'Politics', TRUE),
(UUID_TO_BIN(UUID()), 'Crime', TRUE),
(UUID_TO_BIN(UUID()), 'Humor', TRUE),
(UUID_TO_BIN(UUID()), 'Economics', TRUE),
(UUID_TO_BIN(UUID()), 'Travel Guides', TRUE),
(UUID_TO_BIN(UUID()), 'Parenting', TRUE),
(UUID_TO_BIN(UUID()), 'Music', TRUE),
(UUID_TO_BIN(UUID()), 'Business', TRUE),
(UUID_TO_BIN(UUID()), 'Programming', TRUE),
(UUID_TO_BIN(UUID()), 'Astrology', TRUE),
(UUID_TO_BIN(UUID()), 'Gardening', TRUE),
(UUID_TO_BIN(UUID()), 'Environment', TRUE),
(UUID_TO_BIN(UUID()), 'War', TRUE),
(UUID_TO_BIN(UUID()), 'Anthology', TRUE),
(UUID_TO_BIN(UUID()), 'Comics', TRUE),
(UUID_TO_BIN(UUID()), 'Short Stories', TRUE),
(UUID_TO_BIN(UUID()), 'Animals', TRUE),
(UUID_TO_BIN(UUID()), 'Crafts & Hobbies', TRUE),
(UUID_TO_BIN(UUID()), 'Psychology', TRUE),
(UUID_TO_BIN(UUID()), 'Memoirs', TRUE),
(UUID_TO_BIN(UUID()), 'Engineering', TRUE),
(UUID_TO_BIN(UUID()), 'Law', TRUE),
(UUID_TO_BIN(UUID()), 'Medical', TRUE),
(UUID_TO_BIN(UUID()), 'Languages', TRUE),
(UUID_TO_BIN(UUID()), 'Photography', TRUE),
(UUID_TO_BIN(UUID()), 'Spirituality', TRUE),
(UUID_TO_BIN(UUID()), 'Design', TRUE),
(UUID_TO_BIN(UUID()), 'Space', TRUE),
(UUID_TO_BIN(UUID()), 'Adventure Travel', TRUE),
(UUID_TO_BIN(UUID()), 'Local Culture', TRUE),
(UUID_TO_BIN(UUID()), 'Science Experiments', TRUE),
(UUID_TO_BIN(UUID()), 'Digital Marketing', TRUE),
(UUID_TO_BIN(UUID()), 'Creative Writing', TRUE),
(UUID_TO_BIN(UUID()), 'Fashion', TRUE),
(UUID_TO_BIN(UUID()), 'Movies', TRUE),
(UUID_TO_BIN(UUID()), 'Theater', TRUE),
(UUID_TO_BIN(UUID()), 'Farming', TRUE),
(UUID_TO_BIN(UUID()), 'Photography Guides', TRUE),
(UUID_TO_BIN(UUID()), 'Marketing', TRUE),
(UUID_TO_BIN(UUID()), 'Ethics', TRUE),
(UUID_TO_BIN(UUID()), 'Folklore', TRUE),
(UUID_TO_BIN(UUID()), 'Engineering Mechanics', TRUE),
(UUID_TO_BIN(UUID()), 'Investments', TRUE),
(UUID_TO_BIN(UUID()), 'Entrepreneurship', TRUE),
(UUID_TO_BIN(UUID()), 'Artificial Intelligence', TRUE),
(UUID_TO_BIN(UUID()), 'Cloud Computing', TRUE),
(UUID_TO_BIN(UUID()), 'Big Data', TRUE),
(UUID_TO_BIN(UUID()), 'Cybersecurity', TRUE),
(UUID_TO_BIN(UUID()), 'Blockchain', TRUE),
(UUID_TO_BIN(UUID()), 'Virtual Reality', TRUE),
(UUID_TO_BIN(UUID()), 'Augmented Reality', TRUE),
(UUID_TO_BIN(UUID()), 'Data Science', TRUE),
(UUID_TO_BIN(UUID()), 'Climate Change', TRUE),
(UUID_TO_BIN(UUID()), 'Public Speaking', TRUE),
(UUID_TO_BIN(UUID()), 'Product Management', TRUE),
(UUID_TO_BIN(UUID()), 'Leadership', TRUE),
(UUID_TO_BIN(UUID()), 'Startups', TRUE),
(UUID_TO_BIN(UUID()), 'Econometrics', TRUE),
(UUID_TO_BIN(UUID()), 'Machine Learning', TRUE),
(UUID_TO_BIN(UUID()), 'Genetics', TRUE),
(UUID_TO_BIN(UUID()), 'Botany', TRUE),
(UUID_TO_BIN(UUID()), 'Zoology', TRUE),
(UUID_TO_BIN(UUID()), 'Archaeology', TRUE),
(UUID_TO_BIN(UUID()), 'Oceanography', TRUE),
(UUID_TO_BIN(UUID()), 'Geology', TRUE),
(UUID_TO_BIN(UUID()), 'Astronomy', TRUE),
(UUID_TO_BIN(UUID()), 'Cultural Studies', TRUE),
(UUID_TO_BIN(UUID()), 'Urban Planning', TRUE),
(UUID_TO_BIN(UUID()), 'Project Management', TRUE),
(UUID_TO_BIN(UUID()), 'Time Management', TRUE),
(UUID_TO_BIN(UUID()), 'Networking', TRUE);

-- Insert data into book
INSERT INTO book (isbn, title, publisherID, authorID, publishingDate, language, price, quantity, isEnabled)
VALUES
('9781234567890', 'De Men Phieu Luu Ky', UUID_TO_BIN(UUID()), UUID_TO_BIN(UUID()), '1941-01-01', 'Vietnamese', 50.0, 10, TRUE),
('9780987654321', 'Mat Biec', UUID_TO_BIN(UUID()), UUID_TO_BIN(UUID()), '1990-01-01', 'Vietnamese', 70.0, 15, TRUE),
('9781122334455', 'Chi Pheo', UUID_TO_BIN(UUID()), UUID_TO_BIN(UUID()), '1941-01-01', 'Vietnamese', 30.0, 20, TRUE),
('9785566778899', 'Tuoi Tho Du Doi', UUID_TO_BIN(UUID()), UUID_TO_BIN(UUID()), '1985-01-01', 'Vietnamese', 40.0, 10, TRUE),
('9786677889900', 'Song Nham', UUID_TO_BIN(UUID()), UUID_TO_BIN(UUID()), '1995-01-01', 'Vietnamese', 45.0, 12, TRUE),
('9789991112233', 'Vo Tan', UUID_TO_BIN(UUID()), UUID_TO_BIN(UUID()), '1950-02-01', 'Vietnamese', 35.0, 8, TRUE),
('9788884445566', 'Nguoi Di Tim Vang', UUID_TO_BIN(UUID()), UUID_TO_BIN(UUID()), '1960-06-12', 'Vietnamese', 55.0, 18, TRUE),
('9787773334455', 'Tat Den', UUID_TO_BIN(UUID()), UUID_TO_BIN(UUID()), '1920-03-20', 'Vietnamese', 25.0, 14, TRUE),
('9786661112233', 'Van Bai Lat Ngua', UUID_TO_BIN(UUID()), UUID_TO_BIN(UUID()), '1975-04-15', 'Vietnamese', 60.0, 25, TRUE),
('9785552223344', 'No Phuoc', UUID_TO_BIN(UUID()), UUID_TO_BIN(UUID()), '1985-05-10', 'Vietnamese', 75.0, 5, TRUE);
('9784443335566', 'Bien Cua Giac Mo', UUID_TO_BIN(UUID()), UUID_TO_BIN(UUID()), '1999-09-21', 'Vietnamese', 65.0, 7, TRUE),
('9783332224455', 'Dung Bao Gio Tu Bo', UUID_TO_BIN(UUID()), UUID_TO_BIN(UUID()), '2010-02-18', 'Vietnamese', 80.0, 12, TRUE),
('9782221113344', 'Ha Noi Ba Muoi Sau Pho Phuong', UUID_TO_BIN(UUID()), UUID_TO_BIN(UUID()), '1955-11-07', 'Vietnamese', 90.0, 6, TRUE),
('9785556667788', 'Nhung Ngay Tho Dau', UUID_TO_BIN(UUID()), UUID_TO_BIN(UUID()), '1989-10-10', 'Vietnamese', 55.0, 10, TRUE),
('9786667778899', 'Canh Dong Bat Tan', UUID_TO_BIN(UUID()), UUID_TO_BIN(UUID()), '2005-05-25', 'Vietnamese', 40.0, 14, TRUE),
('9781112223334', 'Rung Nau', UUID_TO_BIN(UUID()), UUID_TO_BIN(UUID()), '1980-06-01', 'Vietnamese', 50.0, 20, TRUE),
('9781113334455', 'Nguoi Lao Dong Chân Chất', UUID_TO_BIN(UUID()), UUID_TO_BIN(UUID()), '1993-01-15', 'Vietnamese', 35.0, 18, TRUE),
('9781239876543', 'Hoang Mang', UUID_TO_BIN(UUID()), UUID_TO_BIN(UUID()), '1970-08-09', 'Vietnamese', 45.0, 12, TRUE),
('9782345678901', 'Lich Su Viet Nam', UUID_TO_BIN(UUID()), UUID_TO_BIN(UUID()), '2012-03-04', 'Vietnamese', 85.0, 15, TRUE),
('9783456789012', 'Giac Mo Hoa Binh', UUID_TO_BIN(UUID()), UUID_TO_BIN(UUID()), '1998-07-16', 'Vietnamese', 50.0, 9, TRUE);
('9781987654322', 'Hoang Tu Be', UUID_TO_BIN(UUID()), UUID_TO_BIN(UUID()), '1943-04-06', 'Vietnamese', 60.0, 25, TRUE),
('9781357913571', 'Nguoi Dan Ong Mang Ten Ove', UUID_TO_BIN(UUID()), UUID_TO_BIN(UUID()), '2012-07-02', 'Vietnamese', 80.0, 30, TRUE),
('9789753186427', 'Harry Potter Va Hon Da Phu Thuy', UUID_TO_BIN(UUID()), UUID_TO_BIN(UUID()), '1997-06-26', 'Vietnamese', 150.0, 50, TRUE),
('9789123456789', 'Da Vinci Code', UUID_TO_BIN(UUID()), UUID_TO_BIN(UUID()), '2003-03-18', 'Vietnamese', 90.0, 15, TRUE),
('9789517538520', 'Mot Toa Nha Vuon', UUID_TO_BIN(UUID()), UUID_TO_BIN(UUID()), '2018-05-14', 'Vietnamese', 70.0, 10, TRUE),
('9788596543029', 'Chuyen Co Tich', UUID_TO_BIN(UUID()), UUID_TO_BIN(UUID()), '1985-09-25', 'Vietnamese', 45.0, 18, TRUE),
('9789123445567', 'Bi Mat Cua May Mat Troi', UUID_TO_BIN(UUID()), UUID_TO_BIN(UUID()), '2010-11-15', 'Vietnamese', 85.0, 12, TRUE),
('9789632589634', 'Buoc Qua Mua Hoi', UUID_TO_BIN(UUID()), UUID_TO_BIN(UUID()), '2015-04-21', 'Vietnamese', 55.0, 20, TRUE),
('9783478563471', 'Thang Gieng, Mot Vong Tay', UUID_TO_BIN(UUID()), UUID_TO_BIN(UUID()), '2008-08-17', 'Vietnamese', 30.0, 22, TRUE),
('9783216549870', 'Cau Chuyen Cua Bien', UUID_TO_BIN(UUID()), UUID_TO_BIN(UUID()), '2013-12-10', 'Vietnamese', 40.0, 14, TRUE),
('9785463728190', 'Dong Song Tho Au', UUID_TO_BIN(UUID()), UUID_TO_BIN(UUID()), '1980-09-30', 'Vietnamese', 50.0, 19, TRUE),
('9785476582938', 'Vuot Qua Giong To', UUID_TO_BIN(UUID()), UUID_TO_BIN(UUID()), '1993-07-15', 'Vietnamese', 65.0, 25, TRUE),
('9782398756254', 'Ngoi Nha Nhieu Cua', UUID_TO_BIN(UUID()), UUID_TO_BIN(UUID()), '2002-06-05', 'Vietnamese', 100.0, 8, TRUE),
('9786421953748', 'Mua Thu La Vang', UUID_TO_BIN(UUID()), UUID_TO_BIN(UUID()), '1995-11-25', 'Vietnamese', 75.0, 6, TRUE),
('9783598452639', 'Noi Dau Cuoi Dong', UUID_TO_BIN(UUID()), UUID_TO_BIN(UUID()), '1999-01-20', 'Vietnamese', 95.0, 10, TRUE),
('9788417264582', 'Co Tich Da Dang', UUID_TO_BIN(UUID()), UUID_TO_BIN(UUID()), '1970-02-12', 'Vietnamese', 45.0, 30, TRUE),
('9781953786437', 'Nhin Tu Xa', UUID_TO_BIN(UUID()), UUID_TO_BIN(UUID()), '2017-05-09', 'Vietnamese', 80.0, 9, TRUE),
('9782956347821', 'Thoi Gian Ben Nhau', UUID_TO_BIN(UUID()), UUID_TO_BIN(UUID()), '2019-10-30', 'Vietnamese', 110.0, 7, TRUE),
('9783159278439', 'Dong Hoa Mua Ha', UUID_TO_BIN(UUID()), UUID_TO_BIN(UUID()), '1986-08-19', 'Vietnamese', 65.0, 11, TRUE),
('9783258467392', 'Nhung Vet Dau Cham', UUID_TO_BIN(UUID()), UUID_TO_BIN(UUID()), '1992-04-10', 'Vietnamese', 90.0, 15, TRUE);
('9789374658391', 'Con Duong Hoa Hong', UUID_TO_BIN(UUID()), UUID_TO_BIN(UUID()), '1988-12-08', 'Vietnamese', 50.0, 13, TRUE),
('9789574863921', 'Hoang Hon Tren Bien', UUID_TO_BIN(UUID()), UUID_TO_BIN(UUID()), '2005-09-15', 'Vietnamese', 85.0, 20, TRUE),
('9789475863028', 'Tinh Ban Ma Thuat', UUID_TO_BIN(UUID()), UUID_TO_BIN(UUID()), '2011-03-12', 'Vietnamese', 60.0, 9, TRUE),
('9788759237430', 'Vuon Hong Va Ca', UUID_TO_BIN(UUID()), UUID_TO_BIN(UUID()), '1996-10-14', 'Vietnamese', 70.0, 11, TRUE),
('9788753648291', 'Canh Dong Hoa Huong Duong', UUID_TO_BIN(UUID()), UUID_TO_BIN(UUID()), '1992-07-09', 'Vietnamese', 55.0, 8, TRUE),
('9787346582904', 'Buoc Qua Doi Nhau', UUID_TO_BIN(UUID()), UUID_TO_BIN(UUID()), '1983-06-20', 'Vietnamese', 40.0, 25, TRUE),
('9783746592348', 'Hanh Phuc Xa Gan', UUID_TO_BIN(UUID()), UUID_TO_BIN(UUID()), '2014-11-28', 'Vietnamese', 110.0, 10, TRUE),
('9787356789340', 'Khi Con Y Moi Ngot', UUID_TO_BIN(UUID()), UUID_TO_BIN(UUID()), '1989-02-25', 'Vietnamese', 95.0, 7, TRUE),
('9787564829302', 'Qua Can Nha Be Nho', UUID_TO_BIN(UUID()), UUID_TO_BIN(UUID()), '2000-08-30', 'Vietnamese', 80.0, 18, TRUE),
('9783258465832', 'Gio Mua', UUID_TO_BIN(UUID()), UUID_TO_BIN(UUID()), '1991-05-10', 'Vietnamese', 75.0, 6, TRUE),
('9782457836210', 'Nho Mot Cuoc Tinh', UUID_TO_BIN(UUID()), UUID_TO_BIN(UUID()), '2010-12-07', 'Vietnamese', 100.0, 10, TRUE),
('9788254763920', 'Thanh Pho Khong Ten', UUID_TO_BIN(UUID()), UUID_TO_BIN(UUID()), '1980-03-18', 'Vietnamese', 55.0, 20, TRUE),
('9789245678392', 'Ngay Xa Anh', UUID_TO_BIN(UUID()), UUID_TO_BIN(UUID()), '2006-08-20', 'Vietnamese', 90.0, 12, TRUE),
('9785846378293', 'Cua So Tron', UUID_TO_BIN(UUID()), UUID_TO_BIN(UUID()), '1994-04-22', 'Vietnamese', 70.0, 14, TRUE),
('9789358476230', 'Giac Mo Khong Co Thuc', UUID_TO_BIN(UUID()), UUID_TO_BIN(UUID()), '1987-11-11', 'Vietnamese', 65.0, 10, TRUE),
('9784358297462', 'Mua Dong Ve Som', UUID_TO_BIN(UUID()), UUID_TO_BIN(UUID()), '1985-07-15', 'Vietnamese', 50.0, 8, TRUE),
('9785467894230', 'Chiec Banh Cam Nho', UUID_TO_BIN(UUID()), UUID_TO_BIN(UUID()), '1990-09-06', 'Vietnamese', 75.0, 5, TRUE),
('9783658476210', 'Nhung Buoi Chieu Muon', UUID_TO_BIN(UUID()), UUID_TO_BIN(UUID()), '2009-05-23', 'Vietnamese', 45.0, 22, TRUE),
('9782435678432', 'Hoa Binh Trong Toi', UUID_TO_BIN(UUID()), UUID_TO_BIN(UUID()), '1975-08-15', 'Vietnamese', 55.0, 12, TRUE),
('9784356279342', 'Bong Bong Thoi Gian', UUID_TO_BIN(UUID()), UUID_TO_BIN(UUID()), '1981-02-12', 'Vietnamese', 85.0, 6, TRUE);

-- Insert data into bookCategory
INSERT INTO bookCategory (bookID, categoryID)
VALUES
('9781234567890', UUID_TO_BIN(UUID())), -- "De Men Phieu Luu Ky" - Literature
('9780987654321', UUID_TO_BIN(UUID())), -- "Mat Biec" - Romance
('9781122334455', UUID_TO_BIN(UUID())), -- "Chi Pheo" - Literature
('9785566778899', UUID_TO_BIN(UUID())), -- "Tuoi Tho Du Doi" - Childhood/Adventure
('9786677889900', UUID_TO_BIN(UUID())), -- "Song Nham" - Drama
('9789991112233', UUID_TO_BIN(UUID())), -- "Vo Tan" - Tragedy/History
('9788884445566', UUID_TO_BIN(UUID())), -- "Nguoi Di Tim Vang" - Adventure/Philosophy
('9787773334455', UUID_TO_BIN(UUID())), -- "Tat Den" - Literature/Social Commentary
('9786661112233', UUID_TO_BIN(UUID())), -- "Van Bai Lat Ngua" - Crime/History
('9785552223344', UUID_TO_BIN(UUID())); -- "No Phuoc" - Drama/Mystery
('9781234567890', UUID_TO_BIN(UUID())), -- Literature
('9781234567890', UUID_TO_BIN(UUID())), -- Adventure
('9780987654321', UUID_TO_BIN(UUID())), -- Romance
('9780987654321', UUID_TO_BIN(UUID())), -- Drama
('9781122334455', UUID_TO_BIN(UUID())), -- Literature
('9781122334455', UUID_TO_BIN(UUID())), -- Social Commentary
('9785566778899', UUID_TO_BIN(UUID())), -- Adventure
('9785566778899', UUID_TO_BIN(UUID())), -- Childhood
('9786677889900', UUID_TO_BIN(UUID())), -- Drama
('9789991112233', UUID_TO_BIN(UUID())), -- Tragedy
('9789991112233', UUID_TO_BIN(UUID())), -- History
('9788884445566', UUID_TO_BIN(UUID())), -- Philosophy
('9788884445566', UUID_TO_BIN(UUID())), -- Adventure
('9787773334455', UUID_TO_BIN(UUID())), -- Literature
('9787773334455', UUID_TO_BIN(UUID())), -- Social Issues
('9786661112233', UUID_TO_BIN(UUID())), -- Crime
('9786661112233', UUID_TO_BIN(UUID())), -- History
('9785552223344', UUID_TO_BIN(UUID())), -- Drama
('9785552223344', UUID_TO_BIN(UUID())), -- Mystery
('9784443335566', UUID_TO_BIN(UUID())), -- Fantasy
('9783332224455', UUID_TO_BIN(UUID())), -- Motivation
('9782221113344', UUID_TO_BIN(UUID())), -- Travel
('9785556667788', UUID_TO_BIN(UUID())), -- Literature
('9785556667788', UUID_TO_BIN(UUID())), -- Social Commentary
('9786667778899', UUID_TO_BIN(UUID())), -- Family
('9781112223334', UUID_TO_BIN(UUID())), -- Environmental Studies
('9781113334455', UUID_TO_BIN(UUID())), -- Biography
('9781239876543', UUID_TO_BIN(UUID())), -- Mystery
('9781239876543', UUID_TO_BIN(UUID())), -- Thriller
('9782345678901', UUID_TO_BIN(UUID())), -- History
('9782345678901', UUID_TO_BIN(UUID())), -- Politics
('9783456789012', UUID_TO_BIN(UUID())), -- Peace Studies
('9781987654322', UUID_TO_BIN(UUID())), -- Philosophy
('9781357913571', UUID_TO_BIN(UUID())), -- Humor
('9789753186427', UUID_TO_BIN(UUID())), -- Fantasy
('9789123456789', UUID_TO_BIN(UUID())), -- Thriller
('9789517538520', UUID_TO_BIN(UUID())), -- Memoirs
('9788596543029', UUID_TO_BIN(UUID())), -- Folklore
('9789123445567', UUID_TO_BIN(UUID())), -- Science
('9789632589634', UUID_TO_BIN(UUID())), -- Environmental Studies
('9783478563471', UUID_TO_BIN(UUID())), -- Literature
('9783216549870', UUID_TO_BIN(UUID())), -- Art
('9785463728190', UUID_TO_BIN(UUID())), -- Children's Stories
('9785476582938', UUID_TO_BIN(UUID())), -- Health
('9782398756254', UUID_TO_BIN(UUID())), -- Short Stories
('9786421953748', UUID_TO_BIN(UUID())), -- Lifestyle
('9783598452639', UUID_TO_BIN(UUID())), -- Creative Writing
('9788417264582', UUID_TO_BIN(UUID())), -- Science Fiction
('9781953786437', UUID_TO_BIN(UUID())), -- Religion
('9782956347821', UUID_TO_BIN(UUID())), -- Parenting
('9783159278439', UUID_TO_BIN(UUID())), -- Sports
('9783258467392', UUID_TO_BIN(UUID())), -- History
('9789374658391', UUID_TO_BIN(UUID())), -- Psychology
('9789574863921', UUID_TO_BIN(UUID())), -- Cultural Studies
('9789475863028', UUID_TO_BIN(UUID())), -- Biographies
('9788759237430', UUID_TO_BIN(UUID())), -- Science
('9788753648291', UUID_TO_BIN(UUID())), -- Philosophy
('9787346582904', UUID_TO_BIN(UUID())), -- Nature
('9783746592348', UUID_TO_BIN(UUID())), -- Social Commentary
('9787356789340', UUID_TO_BIN(UUID())), -- Poetry
('9787564829302', UUID_TO_BIN(UUID())), -- Personal Development
('9783258465832', UUID_TO_BIN(UUID())), -- Leadership
('9782457836210', UUID_TO_BIN(UUID())), -- Entrepreneurship
('9788254763920', UUID_TO_BIN(UUID())), -- Adventure
('9789245678392', UUID_TO_BIN(UUID())), -- Science Fiction
('9785846378293', UUID_TO_BIN(UUID())), -- Self-help
('9789358476230', UUID_TO_BIN(UUID())), -- History
('9784358297462', UUID_TO_BIN(UUID())), -- Art Studies
('9785467894230', UUID_TO_BIN(UUID())), -- Climate
('9783658476210', UUID_TO_BIN(UUID())), -- Music
('9782435678432', UUID_TO_BIN(UUID())), -- Memoirs
('9784356279342', UUID_TO_BIN(UUID())), -- Astronomy
('9784756289320', UUID_TO_BIN(UUID())), -- Genetics
('9785358429023', UUID_TO_BIN(UUID())), -- Science
('9786234759203', UUID_TO_BIN(UUID())), -- Humor
('9782357468590', UUID_TO_BIN(UUID())); -- Big Data/Programming

-- Insert data into borrowCard
INSERT INTO borrowCard (id, readerID, librarianID, borrowDate, expectedReturnDate, actualReturnDate)
VALUES
(UUID_TO_BIN(UUID()), UUID_TO_BIN(UUID()), UUID_TO_BIN(UUID()), '2025-03-01', '2025-03-08', NULL),
(UUID_TO_BIN(UUID()), UUID_TO_BIN(UUID()), UUID_TO_BIN(UUID()), '2025-02-15', '2025-02-22', '2025-02-20'),
(UUID_TO_BIN(UUID()), UUID_TO_BIN(UUID()), UUID_TO_BIN(UUID()), '2025-01-10', '2025-01-17', '2025-01-17'),
(UUID_TO_BIN(UUID()), UUID_TO_BIN(UUID()), UUID_TO_BIN(UUID()), '2025-02-01', '2025-02-08', '2025-02-09'),
(UUID_TO_BIN(UUID()), UUID_TO_BIN(UUID()), UUID_TO_BIN(UUID()), '2025-01-25', '2025-02-01', NULL),
(UUID_TO_BIN(UUID()), UUID_TO_BIN(UUID()), UUID_TO_BIN(UUID()), '2025-03-03', '2025-03-10', NULL),
(UUID_TO_BIN(UUID()), UUID_TO_BIN(UUID()), UUID_TO_BIN(UUID()), '2025-02-28', '2025-03-07', '2025-03-06'),
(UUID_TO_BIN(UUID()), UUID_TO_BIN(UUID()), UUID_TO_BIN(UUID()), '2025-01-20', '2025-01-27', '2025-01-29'),
(UUID_TO_BIN(UUID()), UUID_TO_BIN(UUID()), UUID_TO_BIN(UUID()), '2025-02-18', '2025-02-25', NULL),
(UUID_TO_BIN(UUID()), UUID_TO_BIN(UUID()), UUID_TO_BIN(UUID()), '2025-02-05', '2025-02-12', '2025-02-12');
(UUID_TO_BIN(UUID()), UUID_TO_BIN(UUID()), UUID_TO_BIN(UUID()), '2025-01-01', '2025-01-08', '2025-01-07'),
(UUID_TO_BIN(UUID()), UUID_TO_BIN(UUID()), UUID_TO_BIN(UUID()), '2025-01-02', '2025-01-09', NULL),
(UUID_TO_BIN(UUID()), UUID_TO_BIN(UUID()), UUID_TO_BIN(UUID()), '2025-01-03', '2025-01-10', '2025-01-12'),
(UUID_TO_BIN(UUID()), UUID_TO_BIN(UUID()), UUID_TO_BIN(UUID()), '2025-01-04', '2025-01-11', '2025-01-11'),
(UUID_TO_BIN(UUID()), UUID_TO_BIN(UUID()), UUID_TO_BIN(UUID()), '2025-01-05', '2025-01-12', NULL),
(UUID_TO_BIN(UUID()), UUID_TO_BIN(UUID()), UUID_TO_BIN(UUID()), '2025-01-06', '2025-01-13', '2025-01-13'),
(UUID_TO_BIN(UUID()), UUID_TO_BIN(UUID()), UUID_TO_BIN(UUID()), '2025-01-07', '2025-01-14', '2025-01-16'),
(UUID_TO_BIN(UUID()), UUID_TO_BIN(UUID()), UUID_TO_BIN(UUID()), '2025-01-08', '2025-01-15', NULL),
(UUID_TO_BIN(UUID()), UUID_TO_BIN(UUID()), UUID_TO_BIN(UUID()), '2025-01-09', '2025-01-16', '2025-01-15'),
(UUID_TO_BIN(UUID()), UUID_TO_BIN(UUID()), UUID_TO_BIN(UUID()), '2025-01-10', '2025-01-17', NULL),
(UUID_TO_BIN(UUID()), UUID_TO_BIN(UUID()), UUID_TO_BIN(UUID()), '2025-01-11', '2025-01-18', '2025-01-18'),
(UUID_TO_BIN(UUID()), UUID_TO_BIN(UUID()), UUID_TO_BIN(UUID()), '2025-01-12', '2025-01-19', '2025-01-20'),
(UUID_TO_BIN(UUID()), UUID_TO_BIN(UUID()), UUID_TO_BIN(UUID()), '2025-01-13', '2025-01-20', '2025-01-19'),
(UUID_TO_BIN(UUID()), UUID_TO_BIN(UUID()), UUID_TO_BIN(UUID()), '2025-01-14', '2025-01-21', NULL),
(UUID_TO_BIN(UUID()), UUID_TO_BIN(UUID()), UUID_TO_BIN(UUID()), '2025-01-15', '2025-01-22', '2025-01-21'),
(UUID_TO_BIN(UUID()), UUID_TO_BIN(UUID()), UUID_TO_BIN(UUID()), '2025-01-16', '2025-01-23', '2025-01-22'),
(UUID_TO_BIN(UUID()), UUID_TO_BIN(UUID()), UUID_TO_BIN(UUID()), '2025-01-17', '2025-01-24', NULL),
(UUID_TO_BIN(UUID()), UUID_TO_BIN(UUID()), UUID_TO_BIN(UUID()), '2025-01-18', '2025-01-25', '2025-01-24'),
(UUID_TO_BIN(UUID()), UUID_TO_BIN(UUID()), UUID_TO_BIN(UUID()), '2025-01-19', '2025-01-26', NULL),
(UUID_TO_BIN(UUID()), UUID_TO_BIN(UUID()), UUID_TO_BIN(UUID()), '2025-01-20', '2025-01-27', '2025-01-26'),
(UUID_TO_BIN(UUID()), UUID_TO_BIN(UUID()), UUID_TO_BIN(UUID()), '2025-01-21', '2025-01-28', '2025-01-28'),
(UUID_TO_BIN(UUID()), UUID_TO_BIN(UUID()), UUID_TO_BIN(UUID()), '2025-01-22', '2025-01-29', NULL),
(UUID_TO_BIN(UUID()), UUID_TO_BIN(UUID()), UUID_TO_BIN(UUID()), '2025-01-23', '2025-01-30', '2025-01-29'),
(UUID_TO_BIN(UUID()), UUID_TO_BIN(UUID()), UUID_TO_BIN(UUID()), '2025-01-24', '2025-01-31', NULL),
(UUID_TO_BIN(UUID()), UUID_TO_BIN(UUID()), UUID_TO_BIN(UUID()), '2025-01-25', '2025-02-01', '2025-02-01'),
(UUID_TO_BIN(UUID()), UUID_TO_BIN(UUID()), UUID_TO_BIN(UUID()), '2025-01-26', '2025-02-02', NULL),
(UUID_TO_BIN(UUID()), UUID_TO_BIN(UUID()), UUID_TO_BIN(UUID()), '2025-01-27', '2025-02-03', '2025-02-04'),
(UUID_TO_BIN(UUID()), UUID_TO_BIN(UUID()), UUID_TO_BIN(UUID()), '2025-01-28', '2025-02-04', '2025-02-05'),
(UUID_TO_BIN(UUID()), UUID_TO_BIN(UUID()), UUID_TO_BIN(UUID()), '2025-01-29', '2025-02-05', NULL),
(UUID_TO_BIN(UUID()), UUID_TO_BIN(UUID()), UUID_TO_BIN(UUID()), '2025-01-30', '2025-02-06', '2025-02-06'),
(UUID_TO_BIN(UUID()), UUID_TO_BIN(UUID()), UUID_TO_BIN(UUID()), '2025-02-01', '2025-02-08', '2025-02-09'),
(UUID_TO_BIN(UUID()), UUID_TO_BIN(UUID()), UUID_TO_BIN(UUID()), '2025-02-02', '2025-02-09', '2025-02-07'),
(UUID_TO_BIN(UUID()), UUID_TO_BIN(UUID()), UUID_TO_BIN(UUID()), '2025-02-03', '2025-02-10', NULL),
(UUID_TO_BIN(UUID()), UUID_TO_BIN(UUID()), UUID_TO_BIN(UUID()), '2025-02-04', '2025-02-11', '2025-02-12'),
(UUID_TO_BIN(UUID()), UUID_TO_BIN(UUID()), UUID_TO_BIN(UUID()), '2025-02-05', '2025-02-12', '2025-02-13'),
(UUID_TO_BIN(UUID()), UUID_TO_BIN(UUID()), UUID_TO_BIN(UUID()), '2025-02-06', '2025-02-13', NULL),
(UUID_TO_BIN(UUID()), UUID_TO_BIN(UUID()), UUID_TO_BIN(UUID()), '2025-02-07', '2025-02-14', '2025-02-14'),
(UUID_TO_BIN(UUID()), UUID_TO_BIN(UUID()), UUID_TO_BIN(UUID()), '2025-02-08', '2025-02-15', '2025-02-16'),
(UUID_TO_BIN(UUID()), UUID_TO_BIN(UUID()), UUID_TO_BIN(UUID()), '2025-02-09', '2025-02-16', '2025-02-17'),
(UUID_TO_BIN(UUID()), UUID_TO_BIN(UUID()), UUID_TO_BIN(UUID()), '2025-02-10', '2025-02-17', NULL),
(UUID_TO_BIN(UUID()), UUID_TO_BIN(UUID()), UUID_TO_BIN(UUID()), '2025-02-11', '2025-02-18', '2025-02-18'),
(UUID_TO_BIN(UUID()), UUID_TO_BIN(UUID()), UUID_TO_BIN(UUID()), '2025-02-12', '2025-02-19', '2025-02-19'),
(UUID_TO_BIN(UUID()), UUID_TO_BIN(UUID()), UUID_TO_BIN(UUID()), '2025-02-13', '2025-02-20', NULL),
(UUID_TO_BIN(UUID()), UUID_TO_BIN(UUID()), UUID_TO_BIN(UUID()), '2025-02-14', '2025-02-21', '2025-02-22'),
(UUID_TO_BIN(UUID()), UUID_TO_BIN(UUID()), UUID_TO_BIN(UUID()), '2025-02-15', '2025-02-22', '2025-02-24'),
(UUID_TO_BIN(UUID()), UUID_TO_BIN(UUID()), UUID_TO_BIN(UUID()), '2025-02-16', '2025-02-23', NULL),
(UUID_TO_BIN(UUID()), UUID_TO_BIN(UUID()), UUID_TO_BIN(UUID()), '2025-02-17', '2025-02-24', '2025-02-25'),
(UUID_TO_BIN(UUID()), UUID_TO_BIN(UUID()), UUID_TO_BIN(UUID()), '2025-02-18', '2025-02-25', '2025-02-26'),
(UUID_TO_BIN(UUID()), UUID_TO_BIN(UUID()), UUID_TO_BIN(UUID()), '2025-02-19', '2025-02-26', NULL),
(UUID_TO_BIN(UUID()), UUID_TO_BIN(UUID()), UUID_TO_BIN(UUID()), '2025-02-20', '2025-02-27', '2025-02-27'),
(UUID_TO_BIN(UUID()), UUID_TO_BIN(UUID()), UUID_TO_BIN(UUID()), '2025-02-21', '2025-02-28', '2025-02-29'),
(UUID_TO_BIN(UUID()), UUID_TO_BIN(UUID()), UUID_TO_BIN(UUID()), '2025-02-22', '2025-03-01', NULL),
(UUID_TO_BIN(UUID()), UUID_TO_BIN(UUID()), UUID_TO_BIN(UUID()), '2025-02-23', '2025-03-02', '2025-03-02'),
(UUID_TO_BIN(UUID()), UUID_TO_BIN(UUID()), UUID_TO_BIN(UUID()), '2025-03-01', '2025-03-08', NULL),
(UUID_TO_BIN(UUID()), UUID_TO_BIN(UUID()), UUID_TO_BIN(UUID()), '2025-03-02', '2025-03-09', '2025-03-08'),
(UUID_TO_BIN(UUID()), UUID_TO_BIN(UUID()), UUID_TO_BIN(UUID()), '2025-03-03', '2025-03-10', '2025-03-09'),
(UUID_TO_BIN(UUID()), UUID_TO_BIN(UUID()), UUID_TO_BIN(UUID()), '2025-03-04', '2025-03-11', NULL),
(UUID_TO_BIN(UUID()), UUID_TO_BIN(UUID()), UUID_TO_BIN(UUID()), '2025-03-05', '2025-03-12', '2025-03-13'),
(UUID_TO_BIN(UUID()), UUID_TO_BIN(UUID()), UUID_TO_BIN(UUID()), '2025-03-06', '2025-03-13', '2025-03-12'),
(UUID_TO_BIN(UUID()), UUID_TO_BIN(UUID()), UUID_TO_BIN(UUID()), '2025-03-07', '2025-03-14', NULL),
(UUID_TO_BIN(UUID()), UUID_TO_BIN(UUID()), UUID_TO_BIN(UUID()), '2025-03-08', '2025-03-15', '2025-03-14'),
(UUID_TO_BIN(UUID()), UUID_TO_BIN(UUID()), UUID_TO_BIN(UUID()), '2025-03-09', '2025-03-16', '2025-03-16'),
(UUID_TO_BIN(UUID()), UUID_TO_BIN(UUID()), UUID_TO_BIN(UUID()), '2025-03-10', '2025-03-17', NULL),
(UUID_TO_BIN(UUID()), UUID_TO_BIN(UUID()), UUID_TO_BIN(UUID()), '2025-03-11', '2025-03-18', '2025-03-17'),
(UUID_TO_BIN(UUID()), UUID_TO_BIN(UUID()), UUID_TO_BIN(UUID()), '2025-03-12', '2025-03-19', '2025-03-20'),
(UUID_TO_BIN(UUID()), UUID_TO_BIN(UUID()), UUID_TO_BIN(UUID()), '2025-03-13', '2025-03-20', NULL),
(UUID_TO_BIN(UUID()), UUID_TO_BIN(UUID()), UUID_TO_BIN(UUID()), '2025-03-14', '2025-03-21', '2025-03-21'),
(UUID_TO_BIN(UUID()), UUID_TO_BIN(UUID()), UUID_TO_BIN(UUID()), '2025-03-15', '2025-03-22', '2025-03-22'),
(UUID_TO_BIN(UUID()), UUID_TO_BIN(UUID()), UUID_TO_BIN(UUID()), '2025-03-16', '2025-03-23', NULL),
(UUID_TO_BIN(UUID()), UUID_TO_BIN(UUID()), UUID_TO_BIN(UUID()), '2025-03-17', '2025-03-24', '2025-03-25'),
(UUID_TO_BIN(UUID()), UUID_TO_BIN(UUID()), UUID_TO_BIN(UUID()), '2025-03-18', '2025-03-25', NULL),
(UUID_TO_BIN(UUID()), UUID_TO_BIN(UUID()), UUID_TO_BIN(UUID()), '2025-03-19', '2025-03-26', '2025-03-27'),
(UUID_TO_BIN(UUID()), UUID_TO_BIN(UUID()), UUID_TO_BIN(UUID()), '2025-03-20', '2025-03-27', '2025-03-28'),
(UUID_TO_BIN(UUID()), UUID_TO_BIN(UUID()), UUID_TO_BIN(UUID()), '2025-03-21', '2025-03-28', NULL),
(UUID_TO_BIN(UUID()), UUID_TO_BIN(UUID()), UUID_TO_BIN(UUID()), '2025-03-22', '2025-03-29', '2025-03-29'),
(UUID_TO_BIN(UUID()), UUID_TO_BIN(UUID()), UUID_TO_BIN(UUID()), '2025-03-23', '2025-03-30', NULL),
(UUID_TO_BIN(UUID()), UUID_TO_BIN(UUID()), UUID_TO_BIN(UUID()), '2025-03-24', '2025-03-31', '2025-03-31'),
(UUID_TO_BIN(UUID()), UUID_TO_BIN(UUID()), UUID_TO_BIN(UUID()), '2025-03-25', '2025-04-01', '2025-04-02'),
(UUID_TO_BIN(UUID()), UUID_TO_BIN(UUID()), UUID_TO_BIN(UUID()), '2025-03-26', '2025-04-02', NULL),
(UUID_TO_BIN(UUID()), UUID_TO_BIN(UUID()), UUID_TO_BIN(UUID()), '2025-03-27', '2025-04-03', '2025-04-04'),
(UUID_TO_BIN(UUID()), UUID_TO_BIN(UUID()), UUID_TO_BIN(UUID()), '2025-03-28', '2025-04-04', '2025-04-05'),
(UUID_TO_BIN(UUID()), UUID_TO_BIN(UUID()), UUID_TO_BIN(UUID()), '2025-03-29', '2025-04-05', NULL),
(UUID_TO_BIN(UUID()), UUID_TO_BIN(UUID()), UUID_TO_BIN(UUID()), '2025-03-30', '2025-04-06', '2025-04-06'),
(UUID_TO_BIN(UUID()), UUID_TO_BIN(UUID()), UUID_TO_BIN(UUID()), '2025-03-31', '2025-04-07', NULL),
(UUID_TO_BIN(UUID()), UUID_TO_BIN(UUID()), UUID_TO_BIN(UUID()), '2025-04-01', '2025-04-08', '2025-04-09'),
(UUID_TO_BIN(UUID()), UUID_TO_BIN(UUID()), UUID_TO_BIN(UUID()), '2025-04-02', '2025-04-09', '2025-04-10'),
(UUID_TO_BIN(UUID()), UUID_TO_BIN(UUID()), UUID_TO_BIN(UUID()), '2025-04-03', '2025-04-10', '2025-04-12'),
(UUID_TO_BIN(UUID()), UUID_TO_BIN(UUID()), UUID_TO_BIN(UUID()), '2025-04-04', '2025-04-11', NULL),
(UUID_TO_BIN(UUID()), UUID_TO_BIN(UUID()), UUID_TO_BIN(UUID()), '2025-04-05', '2025-04-12', '2025-04-13'),
(UUID_TO_BIN(UUID()), UUID_TO_BIN(UUID()), UUID_TO_BIN(UUID()), '2025-04-06', '2025-04-13', '2025-04-14'),
(UUID_TO_BIN(UUID()), UUID_TO_BIN(UUID()), UUID_TO_BIN(UUID()), '2025-04-07', '2025-04-14', NULL),
(UUID_TO_BIN(UUID()), UUID_TO_BIN(UUID()), UUID_TO_BIN(UUID()), '2025-04-08', '2025-04-15', '2025-04-16'),
(UUID_TO_BIN(UUID()), UUID_TO_BIN(UUID()), UUID_TO_BIN(UUID()), '2025-04-09', '2025-04-16', NULL),
(UUID_TO_BIN(UUID()), UUID_TO_BIN(UUID()), UUID_TO_BIN(UUID()), '2025-04-10', '2025-04-17', '2025-04-17'),
(UUID_TO_BIN(UUID()), UUID_TO_BIN(UUID()), UUID_TO_BIN(UUID()), '2025-04-11', '2025-04-18', '2025-04-18'),
(UUID_TO_BIN(UUID()), UUID_TO_BIN(UUID()), UUID_TO_BIN(UUID()), '2025-04-12', '2025-04-19', '2025-04-20'),
(UUID_TO_BIN(UUID()), UUID_TO_BIN(UUID()), UUID_TO_BIN(UUID()), '2025-04-13', '2025-04-20', NULL),
(UUID_TO_BIN(UUID()), UUID_TO_BIN(UUID()), UUID_TO_BIN(UUID()), '2025-04-14', '2025-04-21', '2025-04-22'),
(UUID_TO_BIN(UUID()), UUID_TO_BIN(UUID()), UUID_TO_BIN(UUID()), '2025-04-15', '2025-04-22', '2025-04-23'),
(UUID_TO_BIN(UUID()), UUID_TO_BIN(UUID()), UUID_TO_BIN(UUID()), '2025-04-16', '2025-04-23', NULL),
(UUID_TO_BIN(UUID()), UUID_TO_BIN(UUID()), UUID_TO_BIN(UUID()), '2025-04-17', '2025-04-24', '2025-04-24'),
(UUID_TO_BIN(UUID()), UUID_TO_BIN(UUID()), UUID_TO_BIN(UUID()), '2025-04-18', '2025-04-25', '2025-04-25'),
(UUID_TO_BIN(UUID()), UUID_TO_BIN(UUID()), UUID_TO_BIN(UUID()), '2025-04-19', '2025-04-26', '2025-04-27'),
(UUID_TO_BIN(UUID()), UUID_TO_BIN(UUID()), UUID_TO_BIN(UUID()), '2025-04-20', '2025-04-27', '2025-04-27');
-- Insert data into borrowDetails
-- Thêm dữ liệu vào bảng borrowDetails
INSERT INTO borrowDetails (borrowID, bookID, quantity, fine)
VALUES
(UUID_TO_BIN(UUID()), '9781234567890', 1, 0.0), -- Borrowed "De Men Phieu Luu Ky"
(UUID_TO_BIN(UUID()), '9780987654321', 2, 0.0), -- Borrowed "Mat Biec"
(UUID_TO_BIN(UUID()), '9781122334455', 1, 10000.0), -- Late return for "Chi Pheo"
(UUID_TO_BIN(UUID()), '9785566778899', 3, 0.0), -- Borrowed "Tuoi Tho Du Doi"
(UUID_TO_BIN(UUID()), '9786677889900', 2, 5000.0), -- Late return for "Song Nham"
(UUID_TO_BIN(UUID()), '9789991112233', 1, 0.0), -- Borrowed "Vo Tan"
(UUID_TO_BIN(UUID()), '9788884445566', 2, 15000.0), -- Late return for "Nguoi Di Tim Vang"
(UUID_TO_BIN(UUID()), '9787773334455', 1, 0.0), -- Borrowed "Tat Den"
(UUID_TO_BIN(UUID()), '9786661112233', 1, 0.0), -- Borrowed "Van Bai Lat Ngua"
(UUID_TO_BIN(UUID()), '9785552223344', 1, 20000.0); -- Late return for "No Phuoc"
(UUID_TO_BIN(UUID()), '9784443335566', 1, 0.0), -- Borrowed "Bien Cua Giac Mo"
(UUID_TO_BIN(UUID()), '9783332224455', 2, 0.0), -- Borrowed "Dung Bao Gio Tu Bo"
(UUID_TO_BIN(UUID()), '9782221113344', 1, 0.0), -- Borrowed "Ha Noi Ba Muoi Sau Pho Phuong"
(UUID_TO_BIN(UUID()), '9785556667788', 2, 0.0), -- Borrowed "Nhung Ngay Tho Dau"
(UUID_TO_BIN(UUID()), '9786667778899', 1, 10000.0), -- Late return for "Canh Dong Bat Tan"
(UUID_TO_BIN(UUID()), '9781112223334', 3, 0.0), -- Borrowed "Rung Nau"
(UUID_TO_BIN(UUID()), '9781113334455', 2, 0.0), -- Borrowed "Nguoi Lao Dong Chân Chất"
(UUID_TO_BIN(UUID()), '9781239876543', 1, 0.0), -- Borrowed "Hoang Mang"
(UUID_TO_BIN(UUID()), '9782345678901', 1, 0.0), -- Borrowed "Lich Su Viet Nam"
(UUID_TO_BIN(UUID()), '9783456789012', 1, 0.0); -- Borrowed "Giac Mo Hoa Binh"
(UUID_TO_BIN(UUID()), '9781234567890', 1, 0.0),
(UUID_TO_BIN(UUID()), '9780987654321', 2, 0.0),
(UUID_TO_BIN(UUID()), '9781122334455', 1, 10000.0),
(UUID_TO_BIN(UUID()), '9785566778899', 3, 0.0),
(UUID_TO_BIN(UUID()), '9786677889900', 2, 5000.0),
(UUID_TO_BIN(UUID()), '9789991112233', 1, 0.0),
(UUID_TO_BIN(UUID()), '9788884445566', 2, 15000.0),
(UUID_TO_BIN(UUID()), '9787773334455', 1, 0.0),
(UUID_TO_BIN(UUID()), '9786661112233', 1, 0.0),
(UUID_TO_BIN(UUID()), '9785552223344', 1, 20000.0),
(UUID_TO_BIN(UUID()), '9784443335566', 1, 0.0),
(UUID_TO_BIN(UUID()), '9783332224455', 2, 0.0),
(UUID_TO_BIN(UUID()), '9782221113344', 1, 0.0),
(UUID_TO_BIN(UUID()), '9785556667788', 2, 0.0),
(UUID_TO_BIN(UUID()), '9786667778899', 1, 10000.0),
(UUID_TO_BIN(UUID()), '9781112223334', 3, 0.0),
(UUID_TO_BIN(UUID()), '9781113334455', 2, 0.0),
(UUID_TO_BIN(UUID()), '9781239876543', 1, 0.0),
(UUID_TO_BIN(UUID()), '9782345678901', 1, 0.0),
(UUID_TO_BIN(UUID()), '9783456789012', 1, 0.0),
(UUID_TO_BIN(UUID()), '9781987654322', 1, 5000.0),
(UUID_TO_BIN(UUID()), '9781357913571', 2, 10000.0),
(UUID_TO_BIN(UUID()), '9789753186427', 1, 0.0),
(UUID_TO_BIN(UUID()), '9789123456789', 2, 0.0),
(UUID_TO_BIN(UUID()), '9789517538520', 3, 0.0),
(UUID_TO_BIN(UUID()), '9788596543029', 1, 20000.0),
(UUID_TO_BIN(UUID()), '9789123445567', 1, 0.0),
(UUID_TO_BIN(UUID()), '9789632589634', 2, 0.0),
(UUID_TO_BIN(UUID()), '9783478563471', 1, 0.0),
(UUID_TO_BIN(UUID()), '9783216549870', 1, 5000.0),
(UUID_TO_BIN(UUID()), '9785463728190', 2, 0.0),
(UUID_TO_BIN(UUID()), '9785476582938', 1, 0.0),
(UUID_TO_BIN(UUID()), '9782398756254', 3, 0.0),
(UUID_TO_BIN(UUID()), '9786421953748', 1, 15000.0),
(UUID_TO_BIN(UUID()), '9783598452639', 1, 0.0),
(UUID_TO_BIN(UUID()), '9788417264582', 1, 0.0),
(UUID_TO_BIN(UUID()), '9781953786437', 1, 0.0),
(UUID_TO_BIN(UUID()), '9782956347821', 2, 0.0),
(UUID_TO_BIN(UUID()), '9783159278439', 1, 0.0),
(UUID_TO_BIN(UUID()), '9783258467392', 1, 20000.0),
(UUID_TO_BIN(UUID()), '9789374658391', 2, 0.0),
(UUID_TO_BIN(UUID()), '9789574863921', 1, 0.0),
(UUID_TO_BIN(UUID()), '9789475863028', 2, 0.0),
(UUID_TO_BIN(UUID()), '9788759237430', 1, 0.0),
(UUID_TO_BIN(UUID()), '9788753648291', 1, 0.0),
(UUID_TO_BIN(UUID()), '9787346582904', 1, 5000.0),
(UUID_TO_BIN(UUID()), '9783746592348', 2, 0.0),
(UUID_TO_BIN(UUID()), '9787356789340', 1, 0.0),
(UUID_TO_BIN(UUID()), '9787564829302', 3, 0.0),
(UUID_TO_BIN(UUID()), '9783258465832', 1, 0.0),
(UUID_TO_BIN(UUID()), '9782457836210', 1, 0.0),
(UUID_TO_BIN(UUID()), '9788254763920', 1, 0.0),
(UUID_TO_BIN(UUID()), '9789245678392', 2, 0.0),
(UUID_TO_BIN(UUID()), '9785846378293', 1, 0.0),
(UUID_TO_BIN(UUID()), '9789358476230', 1, 0.0),
(UUID_TO_BIN(UUID()), '9784358297462', 1, 0.0),
(UUID_TO_BIN(UUID()), '9785467894230', 1, 15000.0),
(UUID_TO_BIN(UUID()), '9783658476210', 2, 0.0),
(UUID_TO_BIN(UUID()), '9782435678432', 1, 0.0),
(UUID_TO_BIN(UUID()), '9784356279342', 1, 0.0),
(UUID_TO_BIN(UUID()), '9784756289320', 1, 10000.0),
(UUID_TO_BIN(UUID()), '9785358429023', 2, 0.0),
(UUID_TO_BIN(UUID()), '9786234759203', 1, 0.0),
(UUID_TO_BIN(UUID()), '9782357468590', 1, 0.0),
(UUID_TO_BIN(UUID()), '9781357913572', 2, 0.0),
(UUID_TO_BIN(UUID()), '9789753186428', 1, 20000.0),
(UUID_TO_BIN(UUID()), '9789123456790', 1, 0.0),
(UUID_TO_BIN(UUID()), '9789517538530', 1, 0.0),
(UUID_TO_BIN(UUID()), '9788596543030', 3, 0.0),
(UUID_TO_BIN(UUID()), '9789123445568', 1, 0.0),
(UUID_TO_BIN(UUID()), '9789632589635', 1, 0.0),
(UUID_TO_BIN(UUID()), '9783478563472', 2, 0.0),
(UUID_TO_BIN(UUID()), '9783216549871', 1, 0.0),
(UUID_TO_BIN(UUID()), '9785463728191', 3, 0.0),
(UUID_TO_BIN(UUID()), '9785476582939', 2, 10000.0),
(UUID_TO_BIN(UUID()), '9782398756255', 1, 0.0),
(UUID_TO_BIN(UUID()), '9786421953749', 1, 0.0),
(UUID_TO_BIN(UUID()), '9783598452640', 2, 0.0),
(UUID_TO_BIN(UUID()), '9788417264583', 1, 0.0),
(UUID_TO_BIN(UUID()), '9781953786438', 3, 5000.0),
(UUID_TO_BIN(UUID()), '9782956347822', 1, 0.0),
(UUID_TO_BIN(UUID()), '9783159278430', 2, 0.0),
(UUID_TO_BIN(UUID()), '9783258467393', 1, 15000.0),
(UUID_TO_BIN(UUID()), '9789374658392', 2, 0.0);
-- Insert data into returnDetails
INSERT INTO returnDetails (borrowID, bookID, quantity, fine)
VALUES
(UUID_TO_BIN(UUID()), '9781234567890', 1, 0.0), -- Returned
(UUID_TO_BIN(UUID()), '9780987654321', 2, 0.0), -- Returned
(UUID_TO_BIN(UUID()), '9781122334455', 1, 10000.0), -- Late return
(UUID_TO_BIN(UUID()), '9785566778899', 3, 0.0), -- Returned
(UUID_TO_BIN(UUID()), '9786677889900', 2, 5000.0), -- Late return
(UUID_TO_BIN(UUID()), '9789991112233', 1, 0.0), -- Returned
(UUID_TO_BIN(UUID()), '9788884445566', 2, 15000.0), -- Late return
(UUID_TO_BIN(UUID()), '9787773334455', 1, 0.0), -- Returned
(UUID_TO_BIN(UUID()), '9786661112233', 1, 0.0), -- Returned
(UUID_TO_BIN(UUID()), '9785552223344', 1, 20000.0); -- Late return
(UUID_TO_BIN(UUID()), '9784443335566', 1, 0.0), -- Returned
(UUID_TO_BIN(UUID()), '9783332224455', 2, 0.0), -- Returned
(UUID_TO_BIN(UUID()), '9782221113344', 1, 0.0), -- Returned
(UUID_TO_BIN(UUID()), '9785556667788', 2, 0.0), -- Returned
(UUID_TO_BIN(UUID()), '9786667778899', 1, 10000.0), -- Late return
(UUID_TO_BIN(UUID()), '9781112223334', 3, 0.0), -- Returned
(UUID_TO_BIN(UUID()), '9781113334455', 2, 0.0), -- Returned
(UUID_TO_BIN(UUID()), '9781239876543', 1, 0.0), -- Returned
(UUID_TO_BIN(UUID()), '9782345678901', 1, 0.0), -- Returned
(UUID_TO_BIN(UUID()), '9783456789012', 1, 0.0); -- Returned
(UUID_TO_BIN(UUID()), '9781234567890', 1, 0.0),
(UUID_TO_BIN(UUID()), '9780987654321', 2, 0.0),
(UUID_TO_BIN(UUID()), '9781122334455', 1, 10000.0),
(UUID_TO_BIN(UUID()), '9785566778899', 3, 0.0),
(UUID_TO_BIN(UUID()), '9786677889900', 2, 5000.0),
(UUID_TO_BIN(UUID()), '9789991112233', 1, 0.0),
(UUID_TO_BIN(UUID()), '9788884445566', 2, 15000.0),
(UUID_TO_BIN(UUID()), '9787773334455', 1, 0.0),
(UUID_TO_BIN(UUID()), '9786661112233', 1, 0.0),
(UUID_TO_BIN(UUID()), '9785552223344', 1, 20000.0),
(UUID_TO_BIN(UUID()), '9784443335566', 1, 0.0),
(UUID_TO_BIN(UUID()), '9783332224455', 2, 0.0),
(UUID_TO_BIN(UUID()), '9782221113344', 1, 0.0),
(UUID_TO_BIN(UUID()), '9785556667788', 2, 0.0),
(UUID_TO_BIN(UUID()), '9786667778899', 1, 10000.0),
(UUID_TO_BIN(UUID()), '9781112223334', 3, 0.0),
(UUID_TO_BIN(UUID()), '9781113334455', 2, 0.0),
(UUID_TO_BIN(UUID()), '9781239876543', 1, 0.0),
(UUID_TO_BIN(UUID()), '9782345678901', 1, 0.0),
(UUID_TO_BIN(UUID()), '9783456789012', 1, 0.0),
(UUID_TO_BIN(UUID()), '9781987654322', 1, 5000.0),
(UUID_TO_BIN(UUID()), '9781357913571', 2, 10000.0),
(UUID_TO_BIN(UUID()), '9789753186427', 1, 0.0),
(UUID_TO_BIN(UUID()), '9789123456789', 2, 0.0),
(UUID_TO_BIN(UUID()), '9789517538520', 3, 0.0),
(UUID_TO_BIN(UUID()), '9788596543029', 1, 20000.0),
(UUID_TO_BIN(UUID()), '9789123445567', 1, 0.0),
(UUID_TO_BIN(UUID()), '9789632589634', 2, 0.0),
(UUID_TO_BIN(UUID()), '9783478563471', 1, 0.0),
(UUID_TO_BIN(UUID()), '9783216549870', 1, 5000.0),
(UUID_TO_BIN(UUID()), '9785463728190', 2, 0.0),
(UUID_TO_BIN(UUID()), '9785476582938', 1, 0.0),
(UUID_TO_BIN(UUID()), '9782398756254', 3, 0.0),
(UUID_TO_BIN(UUID()), '9786421953748', 1, 15000.0),
(UUID_TO_BIN(UUID()), '9783598452639', 1, 0.0),
(UUID_TO_BIN(UUID()), '9788417264582', 1, 0.0),
(UUID_TO_BIN(UUID()), '9781953786437', 1, 0.0),
(UUID_TO_BIN(UUID()), '9782956347821', 2, 0.0),
(UUID_TO_BIN(UUID()), '9783159278439', 1, 0.0),
(UUID_TO_BIN(UUID()), '9783258467392', 1, 20000.0),
(UUID_TO_BIN(UUID()), '9789374658391', 2, 0.0),
(UUID_TO_BIN(UUID()), '9789574863921', 1, 0.0),
(UUID_TO_BIN(UUID()), '9789475863028', 2, 0.0),
(UUID_TO_BIN(UUID()), '9788759237430', 1, 0.0),
(UUID_TO_BIN(UUID()), '9788753648291', 1, 0.0),
(UUID_TO_BIN(UUID()), '9787346582904', 1, 5000.0),
(UUID_TO_BIN(UUID()), '9783746592348', 2, 0.0),
(UUID_TO_BIN(UUID()), '9787356789340', 1, 0.0),
(UUID_TO_BIN(UUID()), '9787564829302', 3, 0.0),
(UUID_TO_BIN(UUID()), '9783258465832', 1, 0.0),
(UUID_TO_BIN(UUID()), '9782457836210', 1, 0.0),
(UUID_TO_BIN(UUID()), '9788254763920', 1, 0.0),
(UUID_TO_BIN(UUID()), '9789245678392', 2, 0.0),
(UUID_TO_BIN(UUID()), '9785846378293', 1, 0.0),
(UUID_TO_BIN(UUID()), '9789358476230', 1, 0.0),
(UUID_TO_BIN(UUID()), '9784358297462', 1, 0.0),
(UUID_TO_BIN(UUID()), '9785467894230', 1, 15000.0),
(UUID_TO_BIN(UUID()), '9783658476210', 2, 0.0),
(UUID_TO_BIN(UUID()), '9782435678432', 1, 0.0),
(UUID_TO_BIN(UUID()), '9784356279342', 1, 0.0),
(UUID_TO_BIN(UUID()), '9784756289320', 1, 10000.0),
(UUID_TO_BIN(UUID()), '9785358429023', 2, 0.0),
(UUID_TO_BIN(UUID()), '9786234759203', 1, 0.0),
(UUID_TO_BIN(UUID()), '9782357468590', 1, 0.0),
(UUID_TO_BIN(UUID()), '9781357913572', 2, 0.0),
(UUID_TO_BIN(UUID()), '9789753186428', 1, 20000.0),
(UUID_TO_BIN(UUID()), '9789123456790', 1, 0.0),
(UUID_TO_BIN(UUID()), '9789517538530', 1, 0.0),
(UUID_TO_BIN(UUID()), '9788596543030', 3, 0.0),
(UUID_TO_BIN(UUID()), '9789123445568', 1, 0.0),
(UUID_TO_BIN(UUID()), '9789632589635', 1, 0.0),
(UUID_TO_BIN(UUID()), '9783478563472', 2, 0.0),
(UUID_TO_BIN(UUID()), '9783216549871', 1, 0.0),
(UUID_TO_BIN(UUID()), '9785463728191', 3, 0.0),
(UUID_TO_BIN(UUID()), '9785476582939', 2, 10000.0),
(UUID_TO_BIN(UUID()), '9782398756255', 1, 0.0);